Dataset,Model,Model architecture,Model index,Model params,Other params,Training time,Inference time,MAE,MAPE,MSE,RMSE,WAPE
Oct19-Sep20-Oct20-Dic20_F1Last,LinearRegression_0,LinearRegression,0,"{""n_jobs"": -1}","{""Forecasting horizon"": 60, ""Past history"": 120, ""Scaler"": ""MinMaxScaler"", ""Data frequency"": ""1min"", ""Number days test"": 90}",4.78900719,0.13781571,1.14815398,0.00595159,2.97602706,1.36142535,0.00595478
Oct19-Sep20-Oct20-Dic20_F1Last,LinearRegression_0,LinearRegression,0,"{""n_jobs"": -1}","{""Forecasting horizon"": 240, ""Past history"": 480, ""Scaler"": ""MinMaxScaler"", ""Data frequency"": ""1min"", ""Number days test"": 90}",18.81816626,0.53382397,4.05205361,0.02049317,35.78429323,4.88126410,0.02051318
Oct19-Sep20-Oct20-Dic20_F1Last,LSTM_0,LSTM,0,"{""batch_size"": 512, ""dense_layers"": [], ""epochs"": 100, ""input_shape"": [529800, 120, 1], ""layers"": 1, ""output_size"": 60, ""return_sequence"": true, ""units"": 32}","{""Forecasting horizon"": 60, ""Past history"": 120, ""Scaler"": ""MinMaxScaler"", ""Data frequency"": ""1min"", ""Number days test"": 90}",924.88207889,1.01661348,1.13944297,0.00591711,2.96083330,1.35874221,0.00591986
Oct19-Sep20-Oct20-Dic20_F1Last,LSTM_0,LSTM,0,"{""batch_size"": 512, ""dense_layers"": [], ""epochs"": 100, ""input_shape"": [529440, 480, 1], ""layers"": 1, ""output_size"": 240, ""return_sequence"": true, ""units"": 32}","{""Forecasting horizon"": 240, ""Past history"": 480, ""Scaler"": ""MinMaxScaler"", ""Data frequency"": ""1min"", ""Number days test"": 90}",1601.36953187,1.83179569,3.46560389,0.01755596,25.45402711,4.15081828,0.01755302
Oct19-Sep20-Oct20-Dic20_F1Last,LSTM_1,LSTM,1,"{""batch_size"": 512, ""dense_layers"": [], ""epochs"": 100, ""input_shape"": [529800, 120, 1], ""layers"": 1, ""output_size"": 60, ""return_sequence"": true, ""units"": 64}","{""Forecasting horizon"": 60, ""Past history"": 120, ""Scaler"": ""MinMaxScaler"", ""Data frequency"": ""1min"", ""Number days test"": 90}",1039.26246953,1.07173061,1.13671076,0.00590647,2.95982532,1.35788404,0.00590909
Oct19-Sep20-Oct20-Dic20_F1Last,LSTM_2,LSTM,2,"{""batch_size"": 512, ""dense_layers"": [], ""epochs"": 100, ""input_shape"": [529800, 120, 1], ""layers"": 1, ""output_size"": 60, ""return_sequence"": true, ""units"": 128}","{""Forecasting horizon"": 60, ""Past history"": 120, ""Scaler"": ""MinMaxScaler"", ""Data frequency"": ""1min"", ""Number days test"": 90}",1434.24306297,1.59934115,1.13571066,0.00589693,2.94120559,1.35765610,0.00589944
Oct19-Sep20-Oct20-Dic20_F1Last,LSTM_1,LSTM,1,"{""batch_size"": 512, ""dense_layers"": [], ""epochs"": 100, ""input_shape"": [529440, 480, 1], ""layers"": 1, ""output_size"": 240, ""return_sequence"": true, ""units"": 64}","{""Forecasting horizon"": 240, ""Past history"": 480, ""Scaler"": ""MinMaxScaler"", ""Data frequency"": ""1min"", ""Number days test"": 90}",1976.36173654,2.15881348,3.39654037,0.01723003,24.80545711,4.07387592,0.01722431
Oct19-Sep20-Oct20-Dic20_F1Last,LSTM_3,LSTM,3,"{""batch_size"": 512, ""dense_layers"": [], ""epochs"": 100, ""input_shape"": [529800, 120, 1], ""layers"": 1, ""output_size"": 60, ""return_sequence"": false, ""units"": 32}","{""Forecasting horizon"": 60, ""Past history"": 120, ""Scaler"": ""MinMaxScaler"", ""Data frequency"": ""1min"", ""Number days test"": 90}",908.15792680,0.97909856,1.14918905,0.00597390,2.99290673,1.36673903,0.00597679
Oct19-Sep20-Oct20-Dic20_F1Last,LSTM_4,LSTM,4,"{""batch_size"": 512, ""dense_layers"": [], ""epochs"": 100, ""input_shape"": [529800, 120, 1], ""layers"": 1, ""output_size"": 60, ""return_sequence"": false, ""units"": 64}","{""Forecasting horizon"": 60, ""Past history"": 120, ""Scaler"": ""MinMaxScaler"", ""Data frequency"": ""1min"", ""Number days test"": 90}",1008.53064442,0.97406769,1.14362299,0.00594158,2.97721391,1.36301874,0.00594451
Oct19-Sep20-Oct20-Dic20_F1Last,LSTM_2,LSTM,2,"{""batch_size"": 512, ""dense_layers"": [], ""epochs"": 100, ""input_shape"": [529440, 480, 1], ""layers"": 1, ""output_size"": 240, ""return_sequence"": true, ""units"": 128}","{""Forecasting horizon"": 240, ""Past history"": 480, ""Scaler"": ""MinMaxScaler"", ""Data frequency"": ""1min"", ""Number days test"": 90}",2730.58225393,2.96782541,3.43250155,0.01739504,25.24020873,4.10925751,0.01738895
Oct19-Sep20-Oct20-Dic20_F1Last,LSTM_5,LSTM,5,"{""batch_size"": 512, ""dense_layers"": [], ""epochs"": 100, ""input_shape"": [529800, 120, 1], ""layers"": 1, ""output_size"": 60, ""return_sequence"": false, ""units"": 128}","{""Forecasting horizon"": 60, ""Past history"": 120, ""Scaler"": ""MinMaxScaler"", ""Data frequency"": ""1min"", ""Number days test"": 90}",1419.96737766,1.52691650,1.14013298,0.00592433,2.97878669,1.36280571,0.00592726
Oct19-Sep20-Oct20-Dic20_F1Last,LSTM_3,LSTM,3,"{""batch_size"": 512, ""dense_layers"": [], ""epochs"": 100, ""input_shape"": [529440, 480, 1], ""layers"": 1, ""output_size"": 240, ""return_sequence"": false, ""units"": 32}","{""Forecasting horizon"": 240, ""Past history"": 480, ""Scaler"": ""MinMaxScaler"", ""Data frequency"": ""1min"", ""Number days test"": 90}",1530.39211559,1.76763225,3.50735775,0.01777859,25.85323000,4.16628023,0.01776428
Oct19-Sep20-Oct20-Dic20_F1Last,LSTM_6,LSTM,6,"{""batch_size"": 512, ""dense_layers"": [], ""epochs"": 100, ""input_shape"": [529800, 120, 1], ""layers"": 2, ""output_size"": 60, ""return_sequence"": true, ""units"": 32}","{""Forecasting horizon"": 60, ""Past history"": 120, ""Scaler"": ""MinMaxScaler"", ""Data frequency"": ""1min"", ""Number days test"": 90}",2073.27188778,1.94280338,1.14102954,0.00592928,2.98348966,1.36318815,0.00593210
Oct19-Sep20-Oct20-Dic20_F1Last,LSTM_4,LSTM,4,"{""batch_size"": 512, ""dense_layers"": [], ""epochs"": 100, ""input_shape"": [529440, 480, 1], ""layers"": 1, ""output_size"": 240, ""return_sequence"": false, ""units"": 64}","{""Forecasting horizon"": 240, ""Past history"": 480, ""Scaler"": ""MinMaxScaler"", ""Data frequency"": ""1min"", ""Number days test"": 90}",1833.54210687,1.95599818,3.52484269,0.01782874,26.62002463,4.19313544,0.01781650
Oct19-Sep20-Oct20-Dic20_F1Last,LSTM_7,LSTM,7,"{""batch_size"": 512, ""dense_layers"": [], ""epochs"": 100, ""input_shape"": [529800, 120, 1], ""layers"": 2, ""output_size"": 60, ""return_sequence"": true, ""units"": 64}","{""Forecasting horizon"": 60, ""Past history"": 120, ""Scaler"": ""MinMaxScaler"", ""Data frequency"": ""1min"", ""Number days test"": 90}",2410.78603554,2.15344906,1.13825096,0.00591212,2.96154429,1.36017479,0.00591483
Oct19-Sep20-Oct20-Dic20_F1Last,LSTM_5,LSTM,5,"{""batch_size"": 512, ""dense_layers"": [], ""epochs"": 100, ""input_shape"": [529440, 480, 1], ""layers"": 1, ""output_size"": 240, ""return_sequence"": false, ""units"": 128}","{""Forecasting horizon"": 240, ""Past history"": 480, ""Scaler"": ""MinMaxScaler"", ""Data frequency"": ""1min"", ""Number days test"": 90}",2279.30580378,2.27874064,3.54937011,0.01791799,27.43325604,4.22835764,0.01791648
Oct19-Sep20-Oct20-Dic20_F1Last,LSTM_8,LSTM,8,"{""batch_size"": 512, ""dense_layers"": [], ""epochs"": 100, ""input_shape"": [529800, 120, 1], ""layers"": 2, ""output_size"": 60, ""return_sequence"": true, ""units"": 128}","{""Forecasting horizon"": 60, ""Past history"": 120, ""Scaler"": ""MinMaxScaler"", ""Data frequency"": ""1min"", ""Number days test"": 90}",3213.30699420,3.50498867,1.12991847,0.00586316,2.91986316,1.35179400,0.00586589
Oct19-Sep20-Oct20-Dic20_F1Last,LSTM_6,LSTM,6,"{""batch_size"": 512, ""dense_layers"": [], ""epochs"": 100, ""input_shape"": [529440, 480, 1], ""layers"": 2, ""output_size"": 240, ""return_sequence"": true, ""units"": 32}","{""Forecasting horizon"": 240, ""Past history"": 480, ""Scaler"": ""MinMaxScaler"", ""Data frequency"": ""1min"", ""Number days test"": 90}",3061.39328575,3.17307377,3.46660955,0.01755257,25.65810499,4.16003054,0.01754780
Oct19-Sep20-Oct20-Dic20_F1Last,LSTM_9,LSTM,9,"{""batch_size"": 512, ""dense_layers"": [], ""epochs"": 100, ""input_shape"": [529800, 120, 1], ""layers"": 2, ""output_size"": 60, ""return_sequence"": false, ""units"": 32}","{""Forecasting horizon"": 60, ""Past history"": 120, ""Scaler"": ""MinMaxScaler"", ""Data frequency"": ""1min"", ""Number days test"": 90}",2082.40121007,1.91107035,1.14506296,0.00594949,2.97774380,1.36494618,0.00595225
Oct19-Sep20-Oct20-Dic20_F1Last,LSTM_10,LSTM,10,"{""batch_size"": 512, ""dense_layers"": [], ""epochs"": 100, ""input_shape"": [529800, 120, 1], ""layers"": 2, ""output_size"": 60, ""return_sequence"": false, ""units"": 64}","{""Forecasting horizon"": 60, ""Past history"": 120, ""Scaler"": ""MinMaxScaler"", ""Data frequency"": ""1min"", ""Number days test"": 90}",2351.08679724,2.08772039,1.13517401,0.00590092,2.94090064,1.35860880,0.00590385
Oct19-Sep20-Oct20-Dic20_F1Last,LSTM_7,LSTM,7,"{""batch_size"": 512, ""dense_layers"": [], ""epochs"": 100, ""input_shape"": [529440, 480, 1], ""layers"": 2, ""output_size"": 240, ""return_sequence"": true, ""units"": 64}","{""Forecasting horizon"": 240, ""Past history"": 480, ""Scaler"": ""MinMaxScaler"", ""Data frequency"": ""1min"", ""Number days test"": 90}",3704.97646594,3.74427748,3.51365981,0.01780061,26.92131769,4.21305061,0.01778994
Oct19-Sep20-Oct20-Dic20_F1Last,LSTM_11,LSTM,11,"{""batch_size"": 512, ""dense_layers"": [], ""epochs"": 100, ""input_shape"": [529800, 120, 1], ""layers"": 2, ""output_size"": 60, ""return_sequence"": false, ""units"": 128}","{""Forecasting horizon"": 60, ""Past history"": 120, ""Scaler"": ""MinMaxScaler"", ""Data frequency"": ""1min"", ""Number days test"": 90}",3180.57204938,3.28282952,1.13325096,0.00590087,2.96576659,1.36171385,0.00590389
Oct19-Sep20-Oct20-Dic20_F1Last,LSTM_8,LSTM,8,"{""batch_size"": 512, ""dense_layers"": [], ""epochs"": 100, ""input_shape"": [529440, 480, 1], ""layers"": 2, ""output_size"": 240, ""return_sequence"": true, ""units"": 128}","{""Forecasting horizon"": 240, ""Past history"": 480, ""Scaler"": ""MinMaxScaler"", ""Data frequency"": ""1min"", ""Number days test"": 90}",5274.21035886,5.55390692,3.56468013,0.01802118,28.20741538,4.27837392,0.01800801
Oct19-Sep20-Oct20-Dic20_F1Last,LSTM_12,LSTM,12,"{""batch_size"": 512, ""dense_layers"": [], ""epochs"": 100, ""input_shape"": [529800, 120, 1], ""layers"": 3, ""output_size"": 60, ""return_sequence"": true, ""units"": 32}","{""Forecasting horizon"": 60, ""Past history"": 120, ""Scaler"": ""MinMaxScaler"", ""Data frequency"": ""1min"", ""Number days test"": 90}",3338.05482626,3.04518294,1.13794344,0.00591200,2.95888139,1.35945961,0.00591474
Oct19-Sep20-Oct20-Dic20_F1Last,LSTM_9,LSTM,9,"{""batch_size"": 512, ""dense_layers"": [], ""epochs"": 100, ""input_shape"": [529440, 480, 1], ""layers"": 2, ""output_size"": 240, ""return_sequence"": false, ""units"": 32}","{""Forecasting horizon"": 240, ""Past history"": 480, ""Scaler"": ""MinMaxScaler"", ""Data frequency"": ""1min"", ""Number days test"": 90}",2963.99780941,3.09630609,3.53802010,0.01789204,27.15196559,4.20604076,0.01787748
Oct19-Sep20-Oct20-Dic20_F1Last,LSTM_13,LSTM,13,"{""batch_size"": 512, ""dense_layers"": [], ""epochs"": 100, ""input_shape"": [529800, 120, 1], ""layers"": 3, ""output_size"": 60, ""return_sequence"": true, ""units"": 64}","{""Forecasting horizon"": 60, ""Past history"": 120, ""Scaler"": ""MinMaxScaler"", ""Data frequency"": ""1min"", ""Number days test"": 90}",3708.16438794,3.26933455,1.13529315,0.00589448,2.94316780,1.35750637,0.00589708
Oct19-Sep20-Oct20-Dic20_F1Last,LSTM_10,LSTM,10,"{""batch_size"": 512, ""dense_layers"": [], ""epochs"": 100, ""input_shape"": [529440, 480, 1], ""layers"": 2, ""output_size"": 240, ""return_sequence"": false, ""units"": 64}","{""Forecasting horizon"": 240, ""Past history"": 480, ""Scaler"": ""MinMaxScaler"", ""Data frequency"": ""1min"", ""Number days test"": 90}",3577.04616380,3.52594733,3.53083401,0.01786958,26.97222143,4.20438373,0.01786421
Oct19-Sep20-Oct20-Dic20_F1Last,LSTM_14,LSTM,14,"{""batch_size"": 512, ""dense_layers"": [], ""epochs"": 100, ""input_shape"": [529800, 120, 1], ""layers"": 3, ""output_size"": 60, ""return_sequence"": true, ""units"": 128}","{""Forecasting horizon"": 60, ""Past history"": 120, ""Scaler"": ""MinMaxScaler"", ""Data frequency"": ""1min"", ""Number days test"": 90}",5114.36568046,5.29514861,1.11540246,0.00580320,2.85147536,1.33816432,0.00580587
Oct19-Sep20-Oct20-Dic20_F1Last,LSTM_11,LSTM,11,"{""batch_size"": 512, ""dense_layers"": [], ""epochs"": 100, ""input_shape"": [529440, 480, 1], ""layers"": 2, ""output_size"": 240, ""return_sequence"": false, ""units"": 128}","{""Forecasting horizon"": 240, ""Past history"": 480, ""Scaler"": ""MinMaxScaler"", ""Data frequency"": ""1min"", ""Number days test"": 90}",4770.40128160,4.60823727,3.67851369,0.01861130,29.21091458,4.37640039,0.01860428
Oct19-Sep20-Oct20-Dic20_F1Last,LSTM_15,LSTM,15,"{""batch_size"": 512, ""dense_layers"": [], ""epochs"": 100, ""input_shape"": [529800, 120, 1], ""layers"": 3, ""output_size"": 60, ""return_sequence"": false, ""units"": 32}","{""Forecasting horizon"": 60, ""Past history"": 120, ""Scaler"": ""MinMaxScaler"", ""Data frequency"": ""1min"", ""Number days test"": 90}",3339.56978464,2.99261045,1.13930500,0.00591595,2.94803837,1.35999080,0.00591870
Oct19-Sep20-Oct20-Dic20_F1Last,LSTM_12,LSTM,12,"{""batch_size"": 512, ""dense_layers"": [], ""epochs"": 100, ""input_shape"": [529440, 480, 1], ""layers"": 3, ""output_size"": 240, ""return_sequence"": true, ""units"": 32}","{""Forecasting horizon"": 240, ""Past history"": 480, ""Scaler"": ""MinMaxScaler"", ""Data frequency"": ""1min"", ""Number days test"": 90}",4506.45362735,4.61060858,3.36349438,0.01704995,24.07180583,4.02776211,0.01704131
Oct19-Sep20-Oct20-Dic20_F1Last,LSTM_16,LSTM,16,"{""batch_size"": 512, ""dense_layers"": [], ""epochs"": 100, ""input_shape"": [529800, 120, 1], ""layers"": 3, ""output_size"": 60, ""return_sequence"": false, ""units"": 64}","{""Forecasting horizon"": 60, ""Past history"": 120, ""Scaler"": ""MinMaxScaler"", ""Data frequency"": ""1min"", ""Number days test"": 90}",3640.16579485,3.26327538,1.13180449,0.00589204,2.95159307,1.35819651,0.00589500
Oct19-Sep20-Oct20-Dic20_F1Last,LSTM_13,LSTM,13,"{""batch_size"": 512, ""dense_layers"": [], ""epochs"": 100, ""input_shape"": [529440, 480, 1], ""layers"": 3, ""output_size"": 240, ""return_sequence"": true, ""units"": 64}","{""Forecasting horizon"": 240, ""Past history"": 480, ""Scaler"": ""MinMaxScaler"", ""Data frequency"": ""1min"", ""Number days test"": 90}",5485.98538280,5.26940656,3.49031954,0.01766784,26.09106162,4.18384821,0.01766187
Oct19-Sep20-Oct20-Dic20_F1Last,LSTM_17,LSTM,17,"{""batch_size"": 512, ""dense_layers"": [], ""epochs"": 100, ""input_shape"": [529800, 120, 1], ""layers"": 3, ""output_size"": 60, ""return_sequence"": false, ""units"": 128}","{""Forecasting horizon"": 60, ""Past history"": 120, ""Scaler"": ""MinMaxScaler"", ""Data frequency"": ""1min"", ""Number days test"": 90}",5035.57376885,5.51458454,1.13230359,0.00589895,2.98704836,1.36253003,0.00590214
Oct19-Sep20-Oct20-Dic20_F1Last,LinearRegression_0,LinearRegression,0,"{""n_jobs"": -1}","{""Forecasting horizon"": 60, ""Past history"": 240, ""Scaler"": ""MinMaxScaler"", ""Data frequency"": ""1min"", ""Number days test"": 90}",9.05547071,0.18927526,1.13809567,0.00589754,2.91419024,1.34884411,0.00590024
Oct19-Sep20-Oct20-Dic20_F1Last,LSTM_0,LSTM,0,"{""batch_size"": 512, ""dense_layers"": [], ""epochs"": 100, ""input_shape"": [529680, 240, 1], ""layers"": 1, ""output_size"": 60, ""return_sequence"": true, ""units"": 32}","{""Forecasting horizon"": 60, ""Past history"": 240, ""Scaler"": ""MinMaxScaler"", ""Data frequency"": ""1min"", ""Number days test"": 90}",1824.89930892,1.83163643,1.12032421,0.00581420,2.84655804,1.33516143,0.00581624
Oct19-Sep20-Oct20-Dic20_F1Last,LSTM_1,LSTM,1,"{""batch_size"": 512, ""dense_layers"": [], ""epochs"": 100, ""input_shape"": [529680, 240, 1], ""layers"": 1, ""output_size"": 60, ""return_sequence"": true, ""units"": 64}","{""Forecasting horizon"": 60, ""Past history"": 240, ""Scaler"": ""MinMaxScaler"", ""Data frequency"": ""1min"", ""Number days test"": 90}",2065.11741567,1.97473574,1.11122938,0.00575314,2.78892310,1.32645829,0.00575483
Oct19-Sep20-Oct20-Dic20_F1Last,LSTM_2,LSTM,2,"{""batch_size"": 512, ""dense_layers"": [], ""epochs"": 100, ""input_shape"": [529680, 240, 1], ""layers"": 1, ""output_size"": 60, ""return_sequence"": true, ""units"": 128}","{""Forecasting horizon"": 60, ""Past history"": 240, ""Scaler"": ""MinMaxScaler"", ""Data frequency"": ""1min"", ""Number days test"": 90}",2796.21902442,3.07036448,1.11284273,0.00576105,2.79760371,1.32906971,0.00576281
Oct19-Sep20-Oct20-Dic20_F1Last,LSTM_14,LSTM,14,"{""batch_size"": 512, ""dense_layers"": [], ""epochs"": 100, ""input_shape"": [529440, 480, 1], ""layers"": 3, ""output_size"": 240, ""return_sequence"": true, ""units"": 128}","{""Forecasting horizon"": 240, ""Past history"": 480, ""Scaler"": ""MinMaxScaler"", ""Data frequency"": ""1min"", ""Number days test"": 90}",7940.86758232,7.64283037,3.71423118,0.01881805,29.51352658,4.44372779,0.01881437
Oct19-Sep20-Oct20-Dic20_F1Last,LSTM_3,LSTM,3,"{""batch_size"": 512, ""dense_layers"": [], ""epochs"": 100, ""input_shape"": [529680, 240, 1], ""layers"": 1, ""output_size"": 60, ""return_sequence"": false, ""units"": 32}","{""Forecasting horizon"": 60, ""Past history"": 240, ""Scaler"": ""MinMaxScaler"", ""Data frequency"": ""1min"", ""Number days test"": 90}",1773.84924245,1.77835250,1.13717891,0.00590256,2.91442432,1.35196950,0.00590467
Oct19-Sep20-Oct20-Dic20_F1Last,LSTM_4,LSTM,4,"{""batch_size"": 512, ""dense_layers"": [], ""epochs"": 100, ""input_shape"": [529680, 240, 1], ""layers"": 1, ""output_size"": 60, ""return_sequence"": false, ""units"": 64}","{""Forecasting horizon"": 60, ""Past history"": 240, ""Scaler"": ""MinMaxScaler"", ""Data frequency"": ""1min"", ""Number days test"": 90}",2009.66820312,1.89749908,1.11741883,0.00578855,2.80684727,1.32985107,0.00579055
Oct19-Sep20-Oct20-Dic20_F1Last,LSTM_15,LSTM,15,"{""batch_size"": 512, ""dense_layers"": [], ""epochs"": 100, ""input_shape"": [529440, 480, 1], ""layers"": 3, ""output_size"": 240, ""return_sequence"": false, ""units"": 32}","{""Forecasting horizon"": 240, ""Past history"": 480, ""Scaler"": ""MinMaxScaler"", ""Data frequency"": ""1min"", ""Number days test"": 90}",4433.22010612,4.44929743,3.60752105,0.01822790,28.16951621,4.29616781,0.01821835
Oct19-Sep20-Oct20-Dic20_F1Last,LSTM_5,LSTM,5,"{""batch_size"": 512, ""dense_layers"": [], ""epochs"": 100, ""input_shape"": [529680, 240, 1], ""layers"": 1, ""output_size"": 60, ""return_sequence"": false, ""units"": 128}","{""Forecasting horizon"": 60, ""Past history"": 240, ""Scaler"": ""MinMaxScaler"", ""Data frequency"": ""1min"", ""Number days test"": 90}",2623.29157901,2.94267583,1.10537973,0.00573150,2.75755096,1.32019743,0.00573304
Oct19-Sep20-Oct20-Dic20_F1Last,LSTM_16,LSTM,16,"{""batch_size"": 512, ""dense_layers"": [], ""epochs"": 100, ""input_shape"": [529440, 480, 1], ""layers"": 3, ""output_size"": 240, ""return_sequence"": false, ""units"": 64}","{""Forecasting horizon"": 240, ""Past history"": 480, ""Scaler"": ""MinMaxScaler"", ""Data frequency"": ""1min"", ""Number days test"": 90}",5266.87208867,5.10969615,3.65711521,0.01840377,29.14331940,4.36811330,0.01840615
Oct19-Sep20-Oct20-Dic20_F1Last,LSTM_6,LSTM,6,"{""batch_size"": 512, ""dense_layers"": [], ""epochs"": 100, ""input_shape"": [529680, 240, 1], ""layers"": 2, ""output_size"": 60, ""return_sequence"": true, ""units"": 32}","{""Forecasting horizon"": 60, ""Past history"": 240, ""Scaler"": ""MinMaxScaler"", ""Data frequency"": ""1min"", ""Number days test"": 90}",4233.03168726,3.68214822,1.11239807,0.00576617,2.79203885,1.32780792,0.00576791
Oct19-Sep20-Oct20-Dic20_F1Last,LSTM_7,LSTM,7,"{""batch_size"": 512, ""dense_layers"": [], ""epochs"": 100, ""input_shape"": [529680, 240, 1], ""layers"": 2, ""output_size"": 60, ""return_sequence"": true, ""units"": 64}","{""Forecasting horizon"": 60, ""Past history"": 240, ""Scaler"": ""MinMaxScaler"", ""Data frequency"": ""1min"", ""Number days test"": 90}",4854.99200368,3.97734404,1.10327973,0.00571247,2.74238688,1.31760169,0.00571395
Oct19-Sep20-Oct20-Dic20_F1Last,LSTM_17,LSTM,17,"{""batch_size"": 512, ""dense_layers"": [], ""epochs"": 100, ""input_shape"": [529440, 480, 1], ""layers"": 3, ""output_size"": 240, ""return_sequence"": false, ""units"": 128}","{""Forecasting horizon"": 240, ""Past history"": 480, ""Scaler"": ""MinMaxScaler"", ""Data frequency"": ""1min"", ""Number days test"": 90}",7442.54001546,7.04344964,3.71487106,0.01870735,30.24615150,4.45773255,0.01870701
Oct19-Sep20-Oct20-Dic20_F1Last,LinearRegression_0,LinearRegression,0,"{""n_jobs"": -1}","{""Forecasting horizon"": 240, ""Past history"": 960, ""Scaler"": ""MinMaxScaler"", ""Data frequency"": ""1min"", ""Number days test"": 90}",45.51750517,0.82660174,3.39403640,0.01721643,25.88480107,4.03691660,0.01725496
Oct19-Sep20-Oct20-Dic20_F1Last,LSTM_0,LSTM,0,"{""batch_size"": 512, ""dense_layers"": [], ""epochs"": 100, ""input_shape"": [528960, 960, 1], ""layers"": 1, ""output_size"": 240, ""return_sequence"": true, ""units"": 32}","{""Forecasting horizon"": 240, ""Past history"": 960, ""Scaler"": ""MinMaxScaler"", ""Data frequency"": ""1min"", ""Number days test"": 90}",3062.82649708,3.30814052,3.03291190,0.01541229,20.13465200,3.60758570,0.01542738
Oct19-Sep20-Oct20-Dic20_F1Last,LSTM_8,LSTM,8,"{""batch_size"": 512, ""dense_layers"": [], ""epochs"": 100, ""input_shape"": [529680, 240, 1], ""layers"": 2, ""output_size"": 60, ""return_sequence"": true, ""units"": 128}","{""Forecasting horizon"": 60, ""Past history"": 240, ""Scaler"": ""MinMaxScaler"", ""Data frequency"": ""1min"", ""Number days test"": 90}",6181.10786033,6.57368827,1.09703028,0.00568229,2.71784282,1.31297969,0.00568400
Oct19-Sep20-Oct20-Dic20_F1Last,LSTM_1,LSTM,1,"{""batch_size"": 512, ""dense_layers"": [], ""epochs"": 100, ""input_shape"": [528960, 960, 1], ""layers"": 1, ""output_size"": 240, ""return_sequence"": true, ""units"": 64}","{""Forecasting horizon"": 240, ""Past history"": 960, ""Scaler"": ""MinMaxScaler"", ""Data frequency"": ""1min"", ""Number days test"": 90}",3787.86422968,3.97641993,3.05959567,0.01555845,20.47493450,3.63976568,0.01557277
Oct19-Sep20-Oct20-Dic20_F1Last,LSTM_9,LSTM,9,"{""batch_size"": 512, ""dense_layers"": [], ""epochs"": 100, ""input_shape"": [529680, 240, 1], ""layers"": 2, ""output_size"": 60, ""return_sequence"": false, ""units"": 32}","{""Forecasting horizon"": 60, ""Past history"": 240, ""Scaler"": ""MinMaxScaler"", ""Data frequency"": ""1min"", ""Number days test"": 90}",4174.32433128,3.72058821,1.13378252,0.00588165,2.89173761,1.34751335,0.00588375
Oct19-Sep20-Oct20-Dic20_F1Last,LSTM_2,LSTM,2,"{""batch_size"": 512, ""dense_layers"": [], ""epochs"": 100, ""input_shape"": [528960, 960, 1], ""layers"": 1, ""output_size"": 240, ""return_sequence"": true, ""units"": 128}","{""Forecasting horizon"": 240, ""Past history"": 960, ""Scaler"": ""MinMaxScaler"", ""Data frequency"": ""1min"", ""Number days test"": 90}",5306.38003302,5.59675503,3.03541247,0.01539658,19.87146459,3.61113627,0.01541404
Oct19-Sep20-Oct20-Dic20_F1Last,LSTM_10,LSTM,10,"{""batch_size"": 512, ""dense_layers"": [], ""epochs"": 100, ""input_shape"": [529680, 240, 1], ""layers"": 2, ""output_size"": 60, ""return_sequence"": false, ""units"": 64}","{""Forecasting horizon"": 60, ""Past history"": 240, ""Scaler"": ""MinMaxScaler"", ""Data frequency"": ""1min"", ""Number days test"": 90}",4772.70909595,3.89587641,1.10967965,0.00575480,2.78848540,1.32584601,0.00575671
Oct19-Sep20-Oct20-Dic20_F1Last,LSTM_3,LSTM,3,"{""batch_size"": 512, ""dense_layers"": [], ""epochs"": 100, ""input_shape"": [528960, 960, 1], ""layers"": 1, ""output_size"": 240, ""return_sequence"": false, ""units"": 32}","{""Forecasting horizon"": 240, ""Past history"": 960, ""Scaler"": ""MinMaxScaler"", ""Data frequency"": ""1min"", ""Number days test"": 90}",2890.47191405,3.23128176,3.61098773,0.01831581,27.62320007,4.32003763,0.01829559
Oct19-Sep20-Oct20-Dic20_F1Last,LSTM_11,LSTM,11,"{""batch_size"": 512, ""dense_layers"": [], ""epochs"": 100, ""input_shape"": [529680, 240, 1], ""layers"": 2, ""output_size"": 60, ""return_sequence"": false, ""units"": 128}","{""Forecasting horizon"": 60, ""Past history"": 240, ""Scaler"": ""MinMaxScaler"", ""Data frequency"": ""1min"", ""Number days test"": 90}",6138.36469436,6.31419468,1.10602792,0.00574284,2.79352889,1.32637815,0.00574468
Oct19-Sep20-Oct20-Dic20_F1Last,LSTM_4,LSTM,4,"{""batch_size"": 512, ""dense_layers"": [], ""epochs"": 100, ""input_shape"": [528960, 960, 1], ""layers"": 1, ""output_size"": 240, ""return_sequence"": false, ""units"": 64}","{""Forecasting horizon"": 240, ""Past history"": 960, ""Scaler"": ""MinMaxScaler"", ""Data frequency"": ""1min"", ""Number days test"": 90}",3480.87905025,3.48658562,3.44312318,0.01739989,25.36260143,4.09584696,0.01739484
Oct19-Sep20-Oct20-Dic20_F1Last,LSTM_5,LSTM,5,"{""batch_size"": 512, ""dense_layers"": [], ""epochs"": 100, ""input_shape"": [528960, 960, 1], ""layers"": 1, ""output_size"": 240, ""return_sequence"": false, ""units"": 128}","{""Forecasting horizon"": 240, ""Past history"": 960, ""Scaler"": ""MinMaxScaler"", ""Data frequency"": ""1min"", ""Number days test"": 90}",4406.52355552,4.26333737,3.55130214,0.01792728,28.79183099,4.21825415,0.01794196
Oct19-Sep20-Oct20-Dic20_F1Last,LSTM_12,LSTM,12,"{""batch_size"": 512, ""dense_layers"": [], ""epochs"": 100, ""input_shape"": [529680, 240, 1], ""layers"": 3, ""output_size"": 60, ""return_sequence"": true, ""units"": 32}","{""Forecasting horizon"": 60, ""Past history"": 240, ""Scaler"": ""MinMaxScaler"", ""Data frequency"": ""1min"", ""Number days test"": 90}",6620.16912746,5.75383067,1.11188474,0.00576439,2.80451740,1.32850411,0.00576624
Oct19-Sep20-Oct20-Dic20_F1Last,LSTM_6,LSTM,6,"{""batch_size"": 512, ""dense_layers"": [], ""epochs"": 100, ""input_shape"": [528960, 960, 1], ""layers"": 2, ""output_size"": 240, ""return_sequence"": true, ""units"": 32}","{""Forecasting horizon"": 240, ""Past history"": 960, ""Scaler"": ""MinMaxScaler"", ""Data frequency"": ""1min"", ""Number days test"": 90}",5887.98640037,6.08347964,3.09874420,0.01573889,20.71547045,3.68120583,0.01575693
Oct19-Sep20-Oct20-Dic20_F1Last,LSTM_13,LSTM,13,"{""batch_size"": 512, ""dense_layers"": [], ""epochs"": 100, ""input_shape"": [529680, 240, 1], ""layers"": 3, ""output_size"": 60, ""return_sequence"": true, ""units"": 64}","{""Forecasting horizon"": 60, ""Past history"": 240, ""Scaler"": ""MinMaxScaler"", ""Data frequency"": ""1min"", ""Number days test"": 90}",7521.19715643,6.32894945,1.09640955,0.00567189,2.70797000,1.31207730,0.00567348
Oct19-Sep20-Oct20-Dic20_F1Last,LSTM_7,LSTM,7,"{""batch_size"": 512, ""dense_layers"": [], ""epochs"": 100, ""input_shape"": [528960, 960, 1], ""layers"": 2, ""output_size"": 240, ""return_sequence"": true, ""units"": 64}","{""Forecasting horizon"": 240, ""Past history"": 960, ""Scaler"": ""MinMaxScaler"", ""Data frequency"": ""1min"", ""Number days test"": 90}",7192.91514730,6.97486639,3.01878703,0.01529246,19.58926735,3.58901182,0.01530806
Oct19-Sep20-Oct20-Dic20_F1Last,LSTM_14,LSTM,14,"{""batch_size"": 512, ""dense_layers"": [], ""epochs"": 100, ""input_shape"": [529680, 240, 1], ""layers"": 3, ""output_size"": 60, ""return_sequence"": true, ""units"": 128}","{""Forecasting horizon"": 60, ""Past history"": 240, ""Scaler"": ""MinMaxScaler"", ""Data frequency"": ""1min"", ""Number days test"": 90}",9910.90966749,10.20754766,1.09501537,0.00567286,2.69939718,1.31072096,0.00567454
Oct19-Sep20-Oct20-Dic20_F1Last,LSTM_8,LSTM,8,"{""batch_size"": 512, ""dense_layers"": [], ""epochs"": 100, ""input_shape"": [528960, 960, 1], ""layers"": 2, ""output_size"": 240, ""return_sequence"": true, ""units"": 128}","{""Forecasting horizon"": 240, ""Past history"": 960, ""Scaler"": ""MinMaxScaler"", ""Data frequency"": ""1min"", ""Number days test"": 90}",10301.45757771,10.35548019,2.99896597,0.01516614,19.24962564,3.56784462,0.01517740
Oct19-Sep20-Oct20-Dic20_F1Last,LSTM_15,LSTM,15,"{""batch_size"": 512, ""dense_layers"": [], ""epochs"": 100, ""input_shape"": [529680, 240, 1], ""layers"": 3, ""output_size"": 60, ""return_sequence"": false, ""units"": 32}","{""Forecasting horizon"": 60, ""Past history"": 240, ""Scaler"": ""MinMaxScaler"", ""Data frequency"": ""1min"", ""Number days test"": 90}",6501.50194669,5.69192576,1.11676869,0.00578574,2.78091110,1.32672312,0.00578762
Oct19-Sep20-Oct20-Dic20_F1Last,LSTM_9,LSTM,9,"{""batch_size"": 512, ""dense_layers"": [], ""epochs"": 100, ""input_shape"": [528960, 960, 1], ""layers"": 2, ""output_size"": 240, ""return_sequence"": false, ""units"": 32}","{""Forecasting horizon"": 240, ""Past history"": 960, ""Scaler"": ""MinMaxScaler"", ""Data frequency"": ""1min"", ""Number days test"": 90}",5733.33356452,5.83918262,3.55568876,0.01796051,27.54084436,4.25102525,0.01794828
Oct19-Sep20-Oct20-Dic20_F1Last,LSTM_16,LSTM,16,"{""batch_size"": 512, ""dense_layers"": [], ""epochs"": 100, ""input_shape"": [529680, 240, 1], ""layers"": 3, ""output_size"": 60, ""return_sequence"": false, ""units"": 64}","{""Forecasting horizon"": 60, ""Past history"": 240, ""Scaler"": ""MinMaxScaler"", ""Data frequency"": ""1min"", ""Number days test"": 90}",7418.07177949,6.21281767,1.10300579,0.00572424,2.74575825,1.31642711,0.00572603
Oct19-Sep20-Oct20-Dic20_F1Last,LSTM_10,LSTM,10,"{""batch_size"": 512, ""dense_layers"": [], ""epochs"": 100, ""input_shape"": [528960, 960, 1], ""layers"": 2, ""output_size"": 240, ""return_sequence"": false, ""units"": 64}","{""Forecasting horizon"": 240, ""Past history"": 960, ""Scaler"": ""MinMaxScaler"", ""Data frequency"": ""1min"", ""Number days test"": 90}",6977.02512693,6.39057922,3.34621299,0.01693556,24.75683847,3.98847627,0.01694429
Oct19-Sep20-Oct20-Dic20_F1Last,LSTM_17,LSTM,17,"{""batch_size"": 512, ""dense_layers"": [], ""epochs"": 100, ""input_shape"": [529680, 240, 1], ""layers"": 3, ""output_size"": 60, ""return_sequence"": false, ""units"": 128}","{""Forecasting horizon"": 60, ""Past history"": 240, ""Scaler"": ""MinMaxScaler"", ""Data frequency"": ""1min"", ""Number days test"": 90}",9706.57311034,9.98375225,1.11049692,0.00575865,2.86274501,1.33154898,0.00576117
Oct19-Sep20-Oct20-Dic20_F1Last,LinearRegression_0,LinearRegression,0,"{""n_jobs"": -1}","{""Forecasting horizon"": 60, ""Past history"": 360, ""Scaler"": ""MinMaxScaler"", ""Data frequency"": ""1min"", ""Number days test"": 90}",12.27661157,0.26845431,1.13641050,0.00588120,2.87872787,1.34678117,0.00588338
Oct19-Sep20-Oct20-Dic20_F1Last,LSTM_11,LSTM,11,"{""batch_size"": 512, ""dense_layers"": [], ""epochs"": 100, ""input_shape"": [528960, 960, 1], ""layers"": 2, ""output_size"": 240, ""return_sequence"": false, ""units"": 128}","{""Forecasting horizon"": 240, ""Past history"": 960, ""Scaler"": ""MinMaxScaler"", ""Data frequency"": ""1min"", ""Number days test"": 90}",9383.67576718,8.74003935,3.21235642,0.01635410,22.37986168,3.82520289,0.01636273
Oct19-Sep20-Oct20-Dic20_F1Last,LSTM_0,LSTM,0,"{""batch_size"": 512, ""dense_layers"": [], ""epochs"": 100, ""input_shape"": [529560, 360, 1], ""layers"": 1, ""output_size"": 60, ""return_sequence"": true, ""units"": 32}","{""Forecasting horizon"": 60, ""Past history"": 360, ""Scaler"": ""MinMaxScaler"", ""Data frequency"": ""1min"", ""Number days test"": 90}",2731.82276869,2.71109104,1.09470732,0.00566378,2.66991351,1.30365468,0.00566458
Oct19-Sep20-Oct20-Dic20_F1Last,LSTM_1,LSTM,1,"{""batch_size"": 512, ""dense_layers"": [], ""epochs"": 100, ""input_shape"": [529560, 360, 1], ""layers"": 1, ""output_size"": 60, ""return_sequence"": true, ""units"": 64}","{""Forecasting horizon"": 60, ""Past history"": 360, ""Scaler"": ""MinMaxScaler"", ""Data frequency"": ""1min"", ""Number days test"": 90}",3093.85908961,2.98173738,1.09001371,0.00564220,2.65039473,1.30133704,0.00564311
Oct19-Sep20-Oct20-Dic20_F1Last,LSTM_2,LSTM,2,"{""batch_size"": 512, ""dense_layers"": [], ""epochs"": 100, ""input_shape"": [529560, 360, 1], ""layers"": 1, ""output_size"": 60, ""return_sequence"": true, ""units"": 128}","{""Forecasting horizon"": 60, ""Past history"": 360, ""Scaler"": ""MinMaxScaler"", ""Data frequency"": ""1min"", ""Number days test"": 90}",4163.70624638,4.58263564,1.09079008,0.00564070,2.65263198,1.30253289,0.00564149
Oct19-Sep20-Oct20-Dic20_F1Last,LSTM_12,LSTM,12,"{""batch_size"": 512, ""dense_layers"": [], ""epochs"": 100, ""input_shape"": [528960, 960, 1], ""layers"": 3, ""output_size"": 240, ""return_sequence"": true, ""units"": 32}","{""Forecasting horizon"": 240, ""Past history"": 960, ""Scaler"": ""MinMaxScaler"", ""Data frequency"": ""1min"", ""Number days test"": 90}",8701.89391303,8.19517541,3.07203241,0.01559480,20.29957707,3.65340454,0.01561229
Oct19-Sep20-Oct20-Dic20_F1Last,LSTM_3,LSTM,3,"{""batch_size"": 512, ""dense_layers"": [], ""epochs"": 100, ""input_shape"": [529560, 360, 1], ""layers"": 1, ""output_size"": 60, ""return_sequence"": false, ""units"": 32}","{""Forecasting horizon"": 60, ""Past history"": 360, ""Scaler"": ""MinMaxScaler"", ""Data frequency"": ""1min"", ""Number days test"": 90}",2685.46896386,2.62962413,1.10734226,0.00574334,2.72342304,1.31500436,0.00574466
Oct19-Sep20-Oct20-Dic20_F1Last,LSTM_4,LSTM,4,"{""batch_size"": 512, ""dense_layers"": [], ""epochs"": 100, ""input_shape"": [529560, 360, 1], ""layers"": 1, ""output_size"": 60, ""return_sequence"": false, ""units"": 64}","{""Forecasting horizon"": 60, ""Past history"": 360, ""Scaler"": ""MinMaxScaler"", ""Data frequency"": ""1min"", ""Number days test"": 90}",3023.06572437,2.87803578,1.09879777,0.00568905,2.67301038,1.30814143,0.00568978
Oct19-Sep20-Oct20-Dic20_F1Last,LSTM_5,LSTM,5,"{""batch_size"": 512, ""dense_layers"": [], ""epochs"": 100, ""input_shape"": [529560, 360, 1], ""layers"": 1, ""output_size"": 60, ""return_sequence"": false, ""units"": 128}","{""Forecasting horizon"": 60, ""Past history"": 360, ""Scaler"": ""MinMaxScaler"", ""Data frequency"": ""1min"", ""Number days test"": 90}",4047.23813701,4.40159988,1.07590753,0.00557906,2.59086786,1.28612666,0.00557958
Oct19-Sep20-Oct20-Dic20_F1Last,LSTM_13,LSTM,13,"{""batch_size"": 512, ""dense_layers"": [], ""epochs"": 100, ""input_shape"": [528960, 960, 1], ""layers"": 3, ""output_size"": 240, ""return_sequence"": true, ""units"": 64}","{""Forecasting horizon"": 240, ""Past history"": 960, ""Scaler"": ""MinMaxScaler"", ""Data frequency"": ""1min"", ""Number days test"": 90}",10513.40963793,9.97721934,3.19597137,0.01622116,22.73112611,3.80961740,0.01622859
Oct19-Sep20-Oct20-Dic20_F1Last,LSTM_6,LSTM,6,"{""batch_size"": 512, ""dense_layers"": [], ""epochs"": 100, ""input_shape"": [529560, 360, 1], ""layers"": 2, ""output_size"": 60, ""return_sequence"": true, ""units"": 32}","{""Forecasting horizon"": 60, ""Past history"": 360, ""Scaler"": ""MinMaxScaler"", ""Data frequency"": ""1min"", ""Number days test"": 90}",6304.35706973,5.37938762,1.09451442,0.00566351,2.67698050,1.30702058,0.00566446
Oct19-Sep20-Oct20-Dic20_F1Last,LSTM_7,LSTM,7,"{""batch_size"": 512, ""dense_layers"": [], ""epochs"": 100, ""input_shape"": [529560, 360, 1], ""layers"": 2, ""output_size"": 60, ""return_sequence"": true, ""units"": 64}","{""Forecasting horizon"": 60, ""Past history"": 360, ""Scaler"": ""MinMaxScaler"", ""Data frequency"": ""1min"", ""Number days test"": 90}",7246.56434226,5.94564533,1.09523444,0.00566963,2.67709630,1.30997870,0.00567046
Oct19-Sep20-Oct20-Dic20_F1Last,LSTM_14,LSTM,14,"{""batch_size"": 512, ""dense_layers"": [], ""epochs"": 100, ""input_shape"": [528960, 960, 1], ""layers"": 3, ""output_size"": 240, ""return_sequence"": true, ""units"": 128}","{""Forecasting horizon"": 240, ""Past history"": 960, ""Scaler"": ""MinMaxScaler"", ""Data frequency"": ""1min"", ""Number days test"": 90}",14898.37460899,14.14357662,3.62677549,0.01838452,28.74670677,4.31168251,0.01838761
Oct19-Sep20-Oct20-Dic20_F1Last,LSTM_8,LSTM,8,"{""batch_size"": 512, ""dense_layers"": [], ""epochs"": 100, ""input_shape"": [529560, 360, 1], ""layers"": 2, ""output_size"": 60, ""return_sequence"": true, ""units"": 128}","{""Forecasting horizon"": 60, ""Past history"": 360, ""Scaler"": ""MinMaxScaler"", ""Data frequency"": ""1min"", ""Number days test"": 90}",9369.85703087,9.58400440,1.07497936,0.00556528,2.57900864,1.28676447,0.00556594
Oct19-Sep20-Oct20-Dic20_F1Last,LSTM_15,LSTM,15,"{""batch_size"": 512, ""dense_layers"": [], ""epochs"": 100, ""input_shape"": [528960, 960, 1], ""layers"": 3, ""output_size"": 240, ""return_sequence"": false, ""units"": 32}","{""Forecasting horizon"": 240, ""Past history"": 960, ""Scaler"": ""MinMaxScaler"", ""Data frequency"": ""1min"", ""Number days test"": 90}",8574.34740901,8.17331338,3.56973234,0.01805610,27.48756298,4.27068311,0.01804575
Oct19-Sep20-Oct20-Dic20_F1Last,LSTM_9,LSTM,9,"{""batch_size"": 512, ""dense_layers"": [], ""epochs"": 100, ""input_shape"": [529560, 360, 1], ""layers"": 2, ""output_size"": 60, ""return_sequence"": false, ""units"": 32}","{""Forecasting horizon"": 60, ""Past history"": 360, ""Scaler"": ""MinMaxScaler"", ""Data frequency"": ""1min"", ""Number days test"": 90}",6119.41260672,5.18927860,1.10597784,0.00573372,2.73945610,1.31819648,0.00573496
Oct19-Sep20-Oct20-Dic20_F1Last,LSTM_16,LSTM,16,"{""batch_size"": 512, ""dense_layers"": [], ""epochs"": 100, ""input_shape"": [528960, 960, 1], ""layers"": 3, ""output_size"": 240, ""return_sequence"": false, ""units"": 64}","{""Forecasting horizon"": 240, ""Past history"": 960, ""Scaler"": ""MinMaxScaler"", ""Data frequency"": ""1min"", ""Number days test"": 90}",10298.33322239,9.52797866,3.61401335,0.01826143,28.07756051,4.31901519,0.01826265
Oct19-Sep20-Oct20-Dic20_F1Last,LSTM_10,LSTM,10,"{""batch_size"": 512, ""dense_layers"": [], ""epochs"": 100, ""input_shape"": [529560, 360, 1], ""layers"": 2, ""output_size"": 60, ""return_sequence"": false, ""units"": 64}","{""Forecasting horizon"": 60, ""Past history"": 360, ""Scaler"": ""MinMaxScaler"", ""Data frequency"": ""1min"", ""Number days test"": 90}",7034.51545596,5.79518938,1.08334266,0.00561500,2.63585541,1.29454152,0.00561562
Oct19-Sep20-Oct20-Dic20_F1Last,LSTM_11,LSTM,11,"{""batch_size"": 512, ""dense_layers"": [], ""epochs"": 100, ""input_shape"": [529560, 360, 1], ""layers"": 2, ""output_size"": 60, ""return_sequence"": false, ""units"": 128}","{""Forecasting horizon"": 60, ""Past history"": 360, ""Scaler"": ""MinMaxScaler"", ""Data frequency"": ""1min"", ""Number days test"": 90}",9224.65268064,9.39392090,1.08399838,0.00562883,2.67553829,1.29823065,0.00562969
Oct19-Sep20-Oct20-Dic20_F1Last,LSTM_17,LSTM,17,"{""batch_size"": 512, ""dense_layers"": [], ""epochs"": 100, ""input_shape"": [528960, 960, 1], ""layers"": 3, ""output_size"": 240, ""return_sequence"": false, ""units"": 128}","{""Forecasting horizon"": 240, ""Past history"": 960, ""Scaler"": ""MinMaxScaler"", ""Data frequency"": ""1min"", ""Number days test"": 90}",14432.29576516,13.39604807,3.26610761,0.01651502,23.46633747,3.88359673,0.01652493
Oct19-Sep20-Oct20-Dic20_F1Last,LinearRegression_0,LinearRegression,0,"{""n_jobs"": -1}","{""Forecasting horizon"": 240, ""Past history"": 1440, ""Scaler"": ""MinMaxScaler"", ""Data frequency"": ""1min"", ""Number days test"": 90}",104.46960974,1.08357143,2.71279001,0.01377449,17.08722105,3.20992063,0.01379768
Oct19-Sep20-Oct20-Dic20_F1Last,LSTM_0,LSTM,0,"{""batch_size"": 512, ""dense_layers"": [], ""epochs"": 100, ""input_shape"": [528480, 1440, 1], ""layers"": 1, ""output_size"": 240, ""return_sequence"": true, ""units"": 32}","{""Forecasting horizon"": 240, ""Past history"": 1440, ""Scaler"": ""MinMaxScaler"", ""Data frequency"": ""1min"", ""Number days test"": 90}",4548.65180063,4.81624937,2.66507106,0.01353098,16.11893210,3.15365483,0.01355196
Oct19-Sep20-Oct20-Dic20_F1Last,LSTM_12,LSTM,12,"{""batch_size"": 512, ""dense_layers"": [], ""epochs"": 100, ""input_shape"": [529560, 360, 1], ""layers"": 3, ""output_size"": 60, ""return_sequence"": true, ""units"": 32}","{""Forecasting horizon"": 60, ""Past history"": 360, ""Scaler"": ""MinMaxScaler"", ""Data frequency"": ""1min"", ""Number days test"": 90}",10154.84201097,8.60747385,1.08786811,0.00563106,2.63368497,1.29915220,0.00563206
Oct19-Sep20-Oct20-Dic20_F1Last,LSTM_1,LSTM,1,"{""batch_size"": 512, ""dense_layers"": [], ""epochs"": 100, ""input_shape"": [528480, 1440, 1], ""layers"": 1, ""output_size"": 240, ""return_sequence"": true, ""units"": 64}","{""Forecasting horizon"": 240, ""Past history"": 1440, ""Scaler"": ""MinMaxScaler"", ""Data frequency"": ""1min"", ""Number days test"": 90}",5583.93738222,5.75214624,2.63817216,0.01339569,15.69761964,3.12393384,0.01341589
Oct19-Sep20-Oct20-Dic20_F1Last,LSTM_13,LSTM,13,"{""batch_size"": 512, ""dense_layers"": [], ""epochs"": 100, ""input_shape"": [529560, 360, 1], ""layers"": 3, ""output_size"": 60, ""return_sequence"": true, ""units"": 64}","{""Forecasting horizon"": 60, ""Past history"": 360, ""Scaler"": ""MinMaxScaler"", ""Data frequency"": ""1min"", ""Number days test"": 90}",11466.74329352,9.43860936,1.07966952,0.00558001,2.57814023,1.29156861,0.00558100
Oct19-Sep20-Oct20-Dic20_F1Last,LSTM_2,LSTM,2,"{""batch_size"": 512, ""dense_layers"": [], ""epochs"": 100, ""input_shape"": [528480, 1440, 1], ""layers"": 1, ""output_size"": 240, ""return_sequence"": true, ""units"": 128}","{""Forecasting horizon"": 240, ""Past history"": 1440, ""Scaler"": ""MinMaxScaler"", ""Data frequency"": ""1min"", ""Number days test"": 90}",7888.83566761,7.96393871,2.63832804,0.01339731,15.72102494,3.12366236,0.01341623
Oct19-Sep20-Oct20-Dic20_F1Last,LSTM_3,LSTM,3,"{""batch_size"": 512, ""dense_layers"": [], ""epochs"": 100, ""input_shape"": [528480, 1440, 1], ""layers"": 1, ""output_size"": 240, ""return_sequence"": false, ""units"": 32}","{""Forecasting horizon"": 240, ""Past history"": 1440, ""Scaler"": ""MinMaxScaler"", ""Data frequency"": ""1min"", ""Number days test"": 90}",4242.12229466,4.46155834,3.71749668,0.01881874,30.44074291,4.43417231,0.01880110
Oct19-Sep20-Oct20-Dic20_F1Last,LSTM_4,LSTM,4,"{""batch_size"": 512, ""dense_layers"": [], ""epochs"": 100, ""input_shape"": [528480, 1440, 1], ""layers"": 1, ""output_size"": 240, ""return_sequence"": false, ""units"": 64}","{""Forecasting horizon"": 240, ""Past history"": 1440, ""Scaler"": ""MinMaxScaler"", ""Data frequency"": ""1min"", ""Number days test"": 90}",5080.64985538,4.97248650,3.53848612,0.01792073,26.73787927,4.21014341,0.01793269
Oct19-Sep20-Oct20-Dic20_F1Last,LSTM_14,LSTM,14,"{""batch_size"": 512, ""dense_layers"": [], ""epochs"": 100, ""input_shape"": [529560, 360, 1], ""layers"": 3, ""output_size"": 60, ""return_sequence"": true, ""units"": 128}","{""Forecasting horizon"": 60, ""Past history"": 360, ""Scaler"": ""MinMaxScaler"", ""Data frequency"": ""1min"", ""Number days test"": 90}",14701.73098707,15.47648716,1.07726229,0.00557608,2.58206635,1.28942645,0.00557694
Oct19-Sep20-Oct20-Dic20_F1Last,LSTM_5,LSTM,5,"{""batch_size"": 512, ""dense_layers"": [], ""epochs"": 100, ""input_shape"": [528480, 1440, 1], ""layers"": 1, ""output_size"": 240, ""return_sequence"": false, ""units"": 128}","{""Forecasting horizon"": 240, ""Past history"": 1440, ""Scaler"": ""MinMaxScaler"", ""Data frequency"": ""1min"", ""Number days test"": 90}",6531.96893287,6.21963668,3.53158161,0.01783804,27.32874251,4.21362895,0.01784497
Oct19-Sep20-Oct20-Dic20_F1Last,LSTM_15,LSTM,15,"{""batch_size"": 512, ""dense_layers"": [], ""epochs"": 100, ""input_shape"": [529560, 360, 1], ""layers"": 3, ""output_size"": 60, ""return_sequence"": false, ""units"": 32}","{""Forecasting horizon"": 60, ""Past history"": 360, ""Scaler"": ""MinMaxScaler"", ""Data frequency"": ""1min"", ""Number days test"": 90}",9909.20357680,8.50311589,1.10660572,0.00572887,2.70398396,1.31437517,0.00572964
Oct19-Sep20-Oct20-Dic20_F1Last,LSTM_6,LSTM,6,"{""batch_size"": 512, ""dense_layers"": [], ""epochs"": 100, ""input_shape"": [528480, 1440, 1], ""layers"": 2, ""output_size"": 240, ""return_sequence"": true, ""units"": 32}","{""Forecasting horizon"": 240, ""Past history"": 1440, ""Scaler"": ""MinMaxScaler"", ""Data frequency"": ""1min"", ""Number days test"": 90}",8712.44572592,8.59694386,2.66532700,0.01352937,16.15984727,3.15670794,0.01354733
Oct19-Sep20-Oct20-Dic20_F1Last,LSTM_16,LSTM,16,"{""batch_size"": 512, ""dense_layers"": [], ""epochs"": 100, ""input_shape"": [529560, 360, 1], ""layers"": 3, ""output_size"": 60, ""return_sequence"": false, ""units"": 64}","{""Forecasting horizon"": 60, ""Past history"": 360, ""Scaler"": ""MinMaxScaler"", ""Data frequency"": ""1min"", ""Number days test"": 90}",11470.97219539,9.08144307,1.07791266,0.00559263,2.62404758,1.29037291,0.00559342
Oct19-Sep20-Oct20-Dic20_F1Last,LSTM_7,LSTM,7,"{""batch_size"": 512, ""dense_layers"": [], ""epochs"": 100, ""input_shape"": [528480, 1440, 1], ""layers"": 2, ""output_size"": 240, ""return_sequence"": true, ""units"": 64}","{""Forecasting horizon"": 240, ""Past history"": 1440, ""Scaler"": ""MinMaxScaler"", ""Data frequency"": ""1min"", ""Number days test"": 90}",10676.73839569,10.10699034,2.68174225,0.01363456,16.23542207,3.18064929,0.01365471
Oct19-Sep20-Oct20-Dic20_F1Last,LSTM_17,LSTM,17,"{""batch_size"": 512, ""dense_layers"": [], ""epochs"": 100, ""input_shape"": [529560, 360, 1], ""layers"": 3, ""output_size"": 60, ""return_sequence"": false, ""units"": 128}","{""Forecasting horizon"": 60, ""Past history"": 360, ""Scaler"": ""MinMaxScaler"", ""Data frequency"": ""1min"", ""Number days test"": 90}",14618.41600680,15.24102402,1.10381187,0.00573049,2.79344490,1.32287180,0.00573232
Oct19-Sep20-Oct20-Dic20_F1Last,LSTM_8,LSTM,8,"{""batch_size"": 512, ""dense_layers"": [], ""epochs"": 100, ""input_shape"": [528480, 1440, 1], ""layers"": 2, ""output_size"": 240, ""return_sequence"": true, ""units"": 128}","{""Forecasting horizon"": 240, ""Past history"": 1440, ""Scaler"": ""MinMaxScaler"", ""Data frequency"": ""1min"", ""Number days test"": 90}",15168.53638554,15.11018515,2.72404464,0.01385496,16.64865481,3.23047435,0.01387072
Oct19-Sep20-Oct20-Dic20_F1Last,LSTM_9,LSTM,9,"{""batch_size"": 512, ""dense_layers"": [], ""epochs"": 100, ""input_shape"": [528480, 1440, 1], ""layers"": 2, ""output_size"": 240, ""return_sequence"": false, ""units"": 32}","{""Forecasting horizon"": 240, ""Past history"": 1440, ""Scaler"": ""MinMaxScaler"", ""Data frequency"": ""1min"", ""Number days test"": 90}",8350.44936347,7.66576576,3.45322971,0.01747674,26.12278084,4.11997642,0.01747998
Oct19-Sep20-Oct20-Dic20_F1Last,LSTM_10,LSTM,10,"{""batch_size"": 512, ""dense_layers"": [], ""epochs"": 100, ""input_shape"": [528480, 1440, 1], ""layers"": 2, ""output_size"": 240, ""return_sequence"": false, ""units"": 64}","{""Forecasting horizon"": 240, ""Past history"": 1440, ""Scaler"": ""MinMaxScaler"", ""Data frequency"": ""1min"", ""Number days test"": 90}",9856.06474471,8.96280193,3.50512256,0.01772654,26.60070959,4.18389926,0.01772243
Oct19-Sep20-Oct20-Dic20_F1Last,LSTM_11,LSTM,11,"{""batch_size"": 512, ""dense_layers"": [], ""epochs"": 100, ""input_shape"": [528480, 1440, 1], ""layers"": 2, ""output_size"": 240, ""return_sequence"": false, ""units"": 128}","{""Forecasting horizon"": 240, ""Past history"": 1440, ""Scaler"": ""MinMaxScaler"", ""Data frequency"": ""1min"", ""Number days test"": 90}",13888.79404449,12.28358006,3.16026813,0.01595945,22.45130898,3.74709570,0.01598337
Oct19-Sep20-Oct20-Dic20_F1Last,LSTM_12,LSTM,12,"{""batch_size"": 512, ""dense_layers"": [], ""epochs"": 100, ""input_shape"": [528480, 1440, 1], ""layers"": 3, ""output_size"": 240, ""return_sequence"": true, ""units"": 32}","{""Forecasting horizon"": 240, ""Past history"": 1440, ""Scaler"": ""MinMaxScaler"", ""Data frequency"": ""1min"", ""Number days test"": 90}",12353.56035137,11.48278832,2.67344123,0.01358148,16.29120313,3.16878884,0.01359975
Oct19-Sep20-Oct20-Dic20_F1Last,LSTM_13,LSTM,13,"{""batch_size"": 512, ""dense_layers"": [], ""epochs"": 100, ""input_shape"": [528480, 1440, 1], ""layers"": 3, ""output_size"": 240, ""return_sequence"": true, ""units"": 64}","{""Forecasting horizon"": 240, ""Past history"": 1440, ""Scaler"": ""MinMaxScaler"", ""Data frequency"": ""1min"", ""Number days test"": 90}",15123.67818880,14.01565337,2.71641233,0.01380648,16.67967480,3.22463086,0.01382265
Oct19-Sep20-Oct20-Dic20_F1Last,LSTM_14,LSTM,14,"{""batch_size"": 512, ""dense_layers"": [], ""epochs"": 100, ""input_shape"": [528480, 1440, 1], ""layers"": 3, ""output_size"": 240, ""return_sequence"": true, ""units"": 128}","{""Forecasting horizon"": 240, ""Past history"": 1440, ""Scaler"": ""MinMaxScaler"", ""Data frequency"": ""1min"", ""Number days test"": 90}",21873.61955428,21.31938219,3.00583465,0.01527156,20.74926769,3.57414168,0.01528403
Oct19-Sep20-Oct20-Dic20_F1Last,LSTM_15,LSTM,15,"{""batch_size"": 512, ""dense_layers"": [], ""epochs"": 100, ""input_shape"": [528480, 1440, 1], ""layers"": 3, ""output_size"": 240, ""return_sequence"": false, ""units"": 32}","{""Forecasting horizon"": 240, ""Past history"": 1440, ""Scaler"": ""MinMaxScaler"", ""Data frequency"": ""1min"", ""Number days test"": 90}",12154.76884413,11.11663413,3.52135497,0.01777959,27.42188278,4.19201006,0.01776780
Oct19-Sep20-Oct20-Dic20_F1Last,LSTM_16,LSTM,16,"{""batch_size"": 512, ""dense_layers"": [], ""epochs"": 100, ""input_shape"": [528480, 1440, 1], ""layers"": 3, ""output_size"": 240, ""return_sequence"": false, ""units"": 64}","{""Forecasting horizon"": 240, ""Past history"": 1440, ""Scaler"": ""MinMaxScaler"", ""Data frequency"": ""1min"", ""Number days test"": 90}",14632.61182189,13.25281358,3.33371446,0.01686061,24.53135250,3.96898642,0.01686710
Oct19-Sep20-Oct20-Dic20_F1Last,LSTM_17,LSTM,17,"{""batch_size"": 512, ""dense_layers"": [], ""epochs"": 100, ""input_shape"": [528480, 1440, 1], ""layers"": 3, ""output_size"": 240, ""return_sequence"": false, ""units"": 128}","{""Forecasting horizon"": 240, ""Past history"": 1440, ""Scaler"": ""MinMaxScaler"", ""Data frequency"": ""1min"", ""Number days test"": 90}",21931.44111204,19.43632174,3.51529006,0.01762125,29.16935736,4.14752568,0.01764545
Oct19-Sep20-Oct20-Dic20_F1Last,LinearRegression_0,LinearRegression,0,"{""n_jobs"": -1}","{""Forecasting horizon"": 15, ""Past history"": 30, ""Scaler"": ""MinMaxScaler"", ""Data frequency"": ""1min"", ""Number days test"": 90}",0.57930708,0.02480125,0.50071154,0.00330288,0.69863477,0.60166200,0.00330238
Oct19-Sep20-Oct20-Dic20_F1Last,LSTM_0,LSTM,0,"{""batch_size"": 512, ""dense_layers"": [], ""epochs"": 100, ""input_shape"": [529890, 30, 1], ""layers"": 1, ""output_size"": 15, ""return_sequence"": true, ""units"": 32}","{""Forecasting horizon"": 15, ""Past history"": 30, ""Scaler"": ""MinMaxScaler"", ""Data frequency"": ""1min"", ""Number days test"": 90}",587.38016963,0.39599323,0.47624471,0.00332385,0.74070857,0.60314604,0.00332331
Oct19-Sep20-Oct20-Dic20_F1Last,LSTM_1,LSTM,1,"{""batch_size"": 512, ""dense_layers"": [], ""epochs"": 100, ""input_shape"": [529890, 30, 1], ""layers"": 1, ""output_size"": 15, ""return_sequence"": true, ""units"": 64}","{""Forecasting horizon"": 15, ""Past history"": 30, ""Scaler"": ""MinMaxScaler"", ""Data frequency"": ""1min"", ""Number days test"": 90}",553.13621378,0.40167522,0.47662569,0.00332963,0.74437664,0.60421632,0.00332908
Oct19-Sep20-Oct20-Dic20_F1Last,LSTM_2,LSTM,2,"{""batch_size"": 512, ""dense_layers"": [], ""epochs"": 100, ""input_shape"": [529890, 30, 1], ""layers"": 1, ""output_size"": 15, ""return_sequence"": true, ""units"": 128}","{""Forecasting horizon"": 15, ""Past history"": 30, ""Scaler"": ""MinMaxScaler"", ""Data frequency"": ""1min"", ""Number days test"": 90}",277.83509946,0.40203381,0.47687317,0.00333087,0.74542332,0.60499117,0.00333034
Oct19-Sep20-Oct20-Dic20_F1Last,LSTM_3,LSTM,3,"{""batch_size"": 512, ""dense_layers"": [], ""epochs"": 100, ""input_shape"": [529890, 30, 1], ""layers"": 1, ""output_size"": 15, ""return_sequence"": false, ""units"": 32}","{""Forecasting horizon"": 15, ""Past history"": 30, ""Scaler"": ""MinMaxScaler"", ""Data frequency"": ""1min"", ""Number days test"": 90}",224.46473145,0.38787222,0.47709578,0.00333667,0.74085172,0.60212305,0.00333607
Oct19-Sep20-Oct20-Dic20_F1Last,LSTM_4,LSTM,4,"{""batch_size"": 512, ""dense_layers"": [], ""epochs"": 100, ""input_shape"": [529890, 30, 1], ""layers"": 1, ""output_size"": 15, ""return_sequence"": false, ""units"": 64}","{""Forecasting horizon"": 15, ""Past history"": 30, ""Scaler"": ""MinMaxScaler"", ""Data frequency"": ""1min"", ""Number days test"": 90}",251.58689404,0.39624238,0.47644646,0.00333508,0.74421790,0.60289088,0.00333448
Oct19-Sep20-Oct20-Dic20_F1Last,LSTM_5,LSTM,5,"{""batch_size"": 512, ""dense_layers"": [], ""epochs"": 100, ""input_shape"": [529890, 30, 1], ""layers"": 1, ""output_size"": 15, ""return_sequence"": false, ""units"": 128}","{""Forecasting horizon"": 15, ""Past history"": 30, ""Scaler"": ""MinMaxScaler"", ""Data frequency"": ""1min"", ""Number days test"": 90}",255.07437229,0.39753604,0.47679236,0.00332450,0.74267638,0.60433244,0.00332382
Oct19-Sep20-Oct20-Dic20_F1Last,LSTM_6,LSTM,6,"{""batch_size"": 512, ""dense_layers"": [], ""epochs"": 100, ""input_shape"": [529890, 30, 1], ""layers"": 2, ""output_size"": 15, ""return_sequence"": true, ""units"": 32}","{""Forecasting horizon"": 15, ""Past history"": 30, ""Scaler"": ""MinMaxScaler"", ""Data frequency"": ""1min"", ""Number days test"": 90}",368.53278589,0.66896796,0.47645968,0.00332464,0.73931473,0.60287026,0.00332411
Oct19-Sep20-Oct20-Dic20_F1Last,LSTM_7,LSTM,7,"{""batch_size"": 512, ""dense_layers"": [], ""epochs"": 100, ""input_shape"": [529890, 30, 1], ""layers"": 2, ""output_size"": 15, ""return_sequence"": true, ""units"": 64}","{""Forecasting horizon"": 15, ""Past history"": 30, ""Scaler"": ""MinMaxScaler"", ""Data frequency"": ""1min"", ""Number days test"": 90}",431.79699564,0.69480586,0.47628097,0.00332533,0.74049736,0.60361096,0.00332480
Oct19-Sep20-Oct20-Dic20_F1Last,LSTM_8,LSTM,8,"{""batch_size"": 512, ""dense_layers"": [], ""epochs"": 100, ""input_shape"": [529890, 30, 1], ""layers"": 2, ""output_size"": 15, ""return_sequence"": true, ""units"": 128}","{""Forecasting horizon"": 15, ""Past history"": 30, ""Scaler"": ""MinMaxScaler"", ""Data frequency"": ""1min"", ""Number days test"": 90}",462.23061991,0.72164989,0.47689951,0.00333003,0.74303623,0.60445960,0.00332951
Oct19-Sep20-Oct20-Dic20_F1Last,LSTM_9,LSTM,9,"{""batch_size"": 512, ""dense_layers"": [], ""epochs"": 100, ""input_shape"": [529890, 30, 1], ""layers"": 2, ""output_size"": 15, ""return_sequence"": false, ""units"": 32}","{""Forecasting horizon"": 15, ""Past history"": 30, ""Scaler"": ""MinMaxScaler"", ""Data frequency"": ""1min"", ""Number days test"": 90}",367.19369507,0.66404581,0.47697806,0.00333461,0.73727449,0.60218890,0.00333397
Oct19-Sep20-Oct20-Dic20_F1Last,LSTM_10,LSTM,10,"{""batch_size"": 512, ""dense_layers"": [], ""epochs"": 100, ""input_shape"": [529890, 30, 1], ""layers"": 2, ""output_size"": 15, ""return_sequence"": false, ""units"": 64}","{""Forecasting horizon"": 15, ""Past history"": 30, ""Scaler"": ""MinMaxScaler"", ""Data frequency"": ""1min"", ""Number days test"": 90}",684.62786317,1.30864978,0.47701097,0.00332813,0.74142201,0.60429986,0.00332747
Oct19-Sep20-Oct20-Dic20_F1Last,LSTM_11,LSTM,11,"{""batch_size"": 512, ""dense_layers"": [], ""epochs"": 100, ""input_shape"": [529890, 30, 1], ""layers"": 2, ""output_size"": 15, ""return_sequence"": false, ""units"": 128}","{""Forecasting horizon"": 15, ""Past history"": 30, ""Scaler"": ""MinMaxScaler"", ""Data frequency"": ""1min"", ""Number days test"": 90}",1638.42872810,1.11382914,0.46331252,0.00327960,0.72823019,0.58959206,0.00327866
Oct19-Sep20-Oct20-Dic20_F1Last,LSTM_12,LSTM,12,"{""batch_size"": 512, ""dense_layers"": [], ""epochs"": 100, ""input_shape"": [529890, 30, 1], ""layers"": 3, ""output_size"": 15, ""return_sequence"": true, ""units"": 32}","{""Forecasting horizon"": 15, ""Past history"": 30, ""Scaler"": ""MinMaxScaler"", ""Data frequency"": ""1min"", ""Number days test"": 90}",1977.33618832,1.47566032,0.47695447,0.00332696,0.73944887,0.60331404,0.00332645
Oct19-Sep20-Oct20-Dic20_F1Last,LSTM_13,LSTM,13,"{""batch_size"": 512, ""dense_layers"": [], ""epochs"": 100, ""input_shape"": [529890, 30, 1], ""layers"": 3, ""output_size"": 15, ""return_sequence"": true, ""units"": 64}","{""Forecasting horizon"": 15, ""Past history"": 30, ""Scaler"": ""MinMaxScaler"", ""Data frequency"": ""1min"", ""Number days test"": 90}",2261.10882950,1.24466014,0.47719152,0.00333073,0.74053881,0.60401912,0.00333019
Oct19-Sep20-Oct20-Dic20_F1Last,LSTM_14,LSTM,14,"{""batch_size"": 512, ""dense_layers"": [], ""epochs"": 100, ""input_shape"": [529890, 30, 1], ""layers"": 3, ""output_size"": 15, ""return_sequence"": true, ""units"": 128}","{""Forecasting horizon"": 15, ""Past history"": 30, ""Scaler"": ""MinMaxScaler"", ""Data frequency"": ""1min"", ""Number days test"": 90}",2294.60837102,1.46913862,0.47683490,0.00333171,0.74216133,0.60442404,0.00333116
Oct19-Sep20-Oct20-Dic20_F1Last,LSTM_15,LSTM,15,"{""batch_size"": 512, ""dense_layers"": [], ""epochs"": 100, ""input_shape"": [529890, 30, 1], ""layers"": 3, ""output_size"": 15, ""return_sequence"": false, ""units"": 32}","{""Forecasting horizon"": 15, ""Past history"": 30, ""Scaler"": ""MinMaxScaler"", ""Data frequency"": ""1min"", ""Number days test"": 90}",2090.26632071,1.85171056,0.47762266,0.00333664,0.73589427,0.60240864,0.00333607
Oct19-Sep20-Oct20-Dic20_F1Last,LSTM_16,LSTM,16,"{""batch_size"": 512, ""dense_layers"": [], ""epochs"": 100, ""input_shape"": [529890, 30, 1], ""layers"": 3, ""output_size"": 15, ""return_sequence"": false, ""units"": 64}","{""Forecasting horizon"": 15, ""Past history"": 30, ""Scaler"": ""MinMaxScaler"", ""Data frequency"": ""1min"", ""Number days test"": 90}",2334.78018379,1.47997475,0.47732780,0.00333167,0.73782197,0.60385932,0.00333095
Oct19-Sep20-Oct20-Dic20_F1Last,LSTM_17,LSTM,17,"{""batch_size"": 512, ""dense_layers"": [], ""epochs"": 100, ""input_shape"": [529890, 30, 1], ""layers"": 3, ""output_size"": 15, ""return_sequence"": false, ""units"": 128}","{""Forecasting horizon"": 15, ""Past history"": 30, ""Scaler"": ""MinMaxScaler"", ""Data frequency"": ""1min"", ""Number days test"": 90}",2346.04397798,1.94024038,0.46098049,0.00324811,0.71886848,0.58881427,0.00324729
Oct19-Sep20-Oct20-Dic20_F1Last,LinearRegression_0,LinearRegression,0,"{""n_jobs"": -1}","{""Forecasting horizon"": 15, ""Past history"": 60, ""Scaler"": ""MinMaxScaler"", ""Data frequency"": ""1min"", ""Number days test"": 90}",1.39611769,0.04877067,0.48986645,0.00313905,0.63437041,0.58413658,0.00313853
Oct19-Sep20-Oct20-Dic20_F1Last,LSTM_0,LSTM,0,"{""batch_size"": 512, ""dense_layers"": [], ""epochs"": 100, ""input_shape"": [529860, 60, 1], ""layers"": 1, ""output_size"": 15, ""return_sequence"": true, ""units"": 32}","{""Forecasting horizon"": 15, ""Past history"": 60, ""Scaler"": ""MinMaxScaler"", ""Data frequency"": ""1min"", ""Number days test"": 90}",1068.38778138,0.59823942,0.46562545,0.00315503,0.67749414,0.58892642,0.00315443
Oct19-Sep20-Oct20-Dic20_F1Last,LSTM_1,LSTM,1,"{""batch_size"": 512, ""dense_layers"": [], ""epochs"": 100, ""input_shape"": [529860, 60, 1], ""layers"": 1, ""output_size"": 15, ""return_sequence"": true, ""units"": 64}","{""Forecasting horizon"": 15, ""Past history"": 60, ""Scaler"": ""MinMaxScaler"", ""Data frequency"": ""1min"", ""Number days test"": 90}",1100.47227454,0.72231936,0.46500071,0.00316231,0.68223328,0.58938919,0.00316172
Oct19-Sep20-Oct20-Dic20_F1Last,LSTM_2,LSTM,2,"{""batch_size"": 512, ""dense_layers"": [], ""epochs"": 100, ""input_shape"": [529860, 60, 1], ""layers"": 1, ""output_size"": 15, ""return_sequence"": true, ""units"": 128}","{""Forecasting horizon"": 15, ""Past history"": 60, ""Scaler"": ""MinMaxScaler"", ""Data frequency"": ""1min"", ""Number days test"": 90}",1173.56260109,1.28164983,0.46523941,0.00316231,0.68145148,0.58958717,0.00316168
Oct19-Sep20-Oct20-Dic20_F1Last,LSTM_3,LSTM,3,"{""batch_size"": 512, ""dense_layers"": [], ""epochs"": 100, ""input_shape"": [529860, 60, 1], ""layers"": 1, ""output_size"": 15, ""return_sequence"": false, ""units"": 32}","{""Forecasting horizon"": 15, ""Past history"": 60, ""Scaler"": ""MinMaxScaler"", ""Data frequency"": ""1min"", ""Number days test"": 90}",1198.40902042,0.70161796,0.46678707,0.00319073,0.68535102,0.58831198,0.00319019
Oct19-Sep20-Oct20-Dic20_F1Last,LSTM_4,LSTM,4,"{""batch_size"": 512, ""dense_layers"": [], ""epochs"": 100, ""input_shape"": [529860, 60, 1], ""layers"": 1, ""output_size"": 15, ""return_sequence"": false, ""units"": 64}","{""Forecasting horizon"": 15, ""Past history"": 60, ""Scaler"": ""MinMaxScaler"", ""Data frequency"": ""1min"", ""Number days test"": 90}",1134.53931141,1.36843562,0.46487748,0.00316409,0.67823116,0.58759399,0.00316336
Oct19-Sep20-Oct20-Dic20_F1Last,LSTM_5,LSTM,5,"{""batch_size"": 512, ""dense_layers"": [], ""epochs"": 100, ""input_shape"": [529860, 60, 1], ""layers"": 1, ""output_size"": 15, ""return_sequence"": false, ""units"": 128}","{""Forecasting horizon"": 15, ""Past history"": 60, ""Scaler"": ""MinMaxScaler"", ""Data frequency"": ""1min"", ""Number days test"": 90}",393.49055195,0.50633883,0.44910107,0.00314597,0.67613902,0.57037859,0.00314516
Oct19-Sep20-Oct20-Dic20_F1Last,LSTM_6,LSTM,6,"{""batch_size"": 512, ""dense_layers"": [], ""epochs"": 100, ""input_shape"": [529860, 60, 1], ""layers"": 2, ""output_size"": 15, ""return_sequence"": true, ""units"": 32}","{""Forecasting horizon"": 15, ""Past history"": 60, ""Scaler"": ""MinMaxScaler"", ""Data frequency"": ""1min"", ""Number days test"": 90}",543.67860889,0.82997680,0.46603858,0.00315936,0.67598654,0.58891283,0.00315880
Oct19-Sep20-Oct20-Dic20_F1Last,LSTM_7,LSTM,7,"{""batch_size"": 512, ""dense_layers"": [], ""epochs"": 100, ""input_shape"": [529860, 60, 1], ""layers"": 2, ""output_size"": 15, ""return_sequence"": true, ""units"": 64}","{""Forecasting horizon"": 15, ""Past history"": 60, ""Scaler"": ""MinMaxScaler"", ""Data frequency"": ""1min"", ""Number days test"": 90}",683.79378486,1.56127453,0.46525027,0.00315682,0.67733304,0.58892878,0.00315620
Oct19-Sep20-Oct20-Dic20_F1Last,LSTM_8,LSTM,8,"{""batch_size"": 512, ""dense_layers"": [], ""epochs"": 100, ""input_shape"": [529860, 60, 1], ""layers"": 2, ""output_size"": 15, ""return_sequence"": true, ""units"": 128}","{""Forecasting horizon"": 15, ""Past history"": 60, ""Scaler"": ""MinMaxScaler"", ""Data frequency"": ""1min"", ""Number days test"": 90}",2001.41704535,1.51007366,0.46531369,0.00315921,0.67821103,0.58920748,0.00315859
Oct19-Sep20-Oct20-Dic20_F1Last,LSTM_9,LSTM,9,"{""batch_size"": 512, ""dense_layers"": [], ""epochs"": 100, ""input_shape"": [529860, 60, 1], ""layers"": 2, ""output_size"": 15, ""return_sequence"": false, ""units"": 32}","{""Forecasting horizon"": 15, ""Past history"": 60, ""Scaler"": ""MinMaxScaler"", ""Data frequency"": ""1min"", ""Number days test"": 90}",1494.60667634,0.84553981,0.46596940,0.00316933,0.67655636,0.58703142,0.00316858
Oct19-Sep20-Oct20-Dic20_F1Last,LSTM_10,LSTM,10,"{""batch_size"": 512, ""dense_layers"": [], ""epochs"": 100, ""input_shape"": [529860, 60, 1], ""layers"": 2, ""output_size"": 15, ""return_sequence"": false, ""units"": 64}","{""Forecasting horizon"": 15, ""Past history"": 60, ""Scaler"": ""MinMaxScaler"", ""Data frequency"": ""1min"", ""Number days test"": 90}",638.57997799,0.91016436,0.44907994,0.00315477,0.67686557,0.57017008,0.00315385
Oct19-Sep20-Oct20-Dic20_F1Last,LSTM_11,LSTM,11,"{""batch_size"": 512, ""dense_layers"": [], ""epochs"": 100, ""input_shape"": [529860, 60, 1], ""layers"": 2, ""output_size"": 15, ""return_sequence"": false, ""units"": 128}","{""Forecasting horizon"": 15, ""Past history"": 60, ""Scaler"": ""MinMaxScaler"", ""Data frequency"": ""1min"", ""Number days test"": 90}",815.69650531,0.90497303,0.44299698,0.00312640,0.67034135,0.56518188,0.00312540
Oct19-Sep20-Oct20-Dic20_F1Last,LSTM_12,LSTM,12,"{""batch_size"": 512, ""dense_layers"": [], ""epochs"": 100, ""input_shape"": [529860, 60, 1], ""layers"": 3, ""output_size"": 15, ""return_sequence"": true, ""units"": 32}","{""Forecasting horizon"": 15, ""Past history"": 60, ""Scaler"": ""MinMaxScaler"", ""Data frequency"": ""1min"", ""Number days test"": 90}",1954.44246531,1.83008099,0.46517882,0.00314855,0.67214339,0.58760423,0.00314794
Oct19-Sep20-Oct20-Dic20_F1Last,LSTM_13,LSTM,13,"{""batch_size"": 512, ""dense_layers"": [], ""epochs"": 100, ""input_shape"": [529860, 60, 1], ""layers"": 3, ""output_size"": 15, ""return_sequence"": true, ""units"": 64}","{""Forecasting horizon"": 15, ""Past history"": 60, ""Scaler"": ""MinMaxScaler"", ""Data frequency"": ""1min"", ""Number days test"": 90}",2573.92425370,1.82135081,0.46549337,0.00316033,0.67842963,0.58951321,0.00315975
Oct19-Sep20-Oct20-Dic20_F1Last,LSTM_14,LSTM,14,"{""batch_size"": 512, ""dense_layers"": [], ""epochs"": 100, ""input_shape"": [529860, 60, 1], ""layers"": 3, ""output_size"": 15, ""return_sequence"": true, ""units"": 128}","{""Forecasting horizon"": 15, ""Past history"": 60, ""Scaler"": ""MinMaxScaler"", ""Data frequency"": ""1min"", ""Number days test"": 90}",2602.93548298,2.25264502,0.46669485,0.00316048,0.67773152,0.59049603,0.00315991
Oct19-Sep20-Oct20-Dic20_F1Last,LSTM_15,LSTM,15,"{""batch_size"": 512, ""dense_layers"": [], ""epochs"": 100, ""input_shape"": [529860, 60, 1], ""layers"": 3, ""output_size"": 15, ""return_sequence"": false, ""units"": 32}","{""Forecasting horizon"": 15, ""Past history"": 60, ""Scaler"": ""MinMaxScaler"", ""Data frequency"": ""1min"", ""Number days test"": 90}",2469.92908835,1.68190956,0.46537721,0.00317711,0.67552768,0.58754184,0.00317630
Oct19-Sep20-Oct20-Dic20_F1Last,LSTM_16,LSTM,16,"{""batch_size"": 512, ""dense_layers"": [], ""epochs"": 100, ""input_shape"": [529860, 60, 1], ""layers"": 3, ""output_size"": 15, ""return_sequence"": false, ""units"": 64}","{""Forecasting horizon"": 15, ""Past history"": 60, ""Scaler"": ""MinMaxScaler"", ""Data frequency"": ""1min"", ""Number days test"": 90}",2504.58908701,1.66330886,0.44688987,0.00313488,0.66702516,0.56772253,0.00313407
Oct19-Sep20-Oct20-Dic20_F1Last,LSTM_17,LSTM,17,"{""batch_size"": 512, ""dense_layers"": [], ""epochs"": 100, ""input_shape"": [529860, 60, 1], ""layers"": 3, ""output_size"": 15, ""return_sequence"": false, ""units"": 128}","{""Forecasting horizon"": 15, ""Past history"": 60, ""Scaler"": ""MinMaxScaler"", ""Data frequency"": ""1min"", ""Number days test"": 90}",2468.57812572,2.04342723,0.44243935,0.00310012,0.66365952,0.56526659,0.00309936
Oct19-Sep20-Oct20-Dic20_F1Last,LinearRegression_0,LinearRegression,0,"{""n_jobs"": -1}","{""Forecasting horizon"": 15, ""Past history"": 90, ""Scaler"": ""MinMaxScaler"", ""Data frequency"": ""1min"", ""Number days test"": 90}",2.62600088,0.05802202,0.48771267,0.00311541,0.62536075,0.58112958,0.00311491
Oct19-Sep20-Oct20-Dic20_F1Last,LSTM_0,LSTM,0,"{""batch_size"": 512, ""dense_layers"": [], ""epochs"": 100, ""input_shape"": [529830, 90, 1], ""layers"": 1, ""output_size"": 15, ""return_sequence"": true, ""units"": 32}","{""Forecasting horizon"": 15, ""Past history"": 90, ""Scaler"": ""MinMaxScaler"", ""Data frequency"": ""1min"", ""Number days test"": 90}",1297.06369781,1.21589637,0.46401269,0.00313217,0.66970844,0.58685878,0.00313157
Oct19-Sep20-Oct20-Dic20_F1Last,LSTM_1,LSTM,1,"{""batch_size"": 512, ""dense_layers"": [], ""epochs"": 100, ""input_shape"": [529830, 90, 1], ""layers"": 1, ""output_size"": 15, ""return_sequence"": true, ""units"": 64}","{""Forecasting horizon"": 15, ""Past history"": 90, ""Scaler"": ""MinMaxScaler"", ""Data frequency"": ""1min"", ""Number days test"": 90}",1230.04344034,1.29041505,0.46452199,0.00314441,0.67417086,0.58762199,0.00314377
Oct19-Sep20-Oct20-Dic20_F1Last,LSTM_2,LSTM,2,"{""batch_size"": 512, ""dense_layers"": [], ""epochs"": 100, ""input_shape"": [529830, 90, 1], ""layers"": 1, ""output_size"": 15, ""return_sequence"": true, ""units"": 128}","{""Forecasting horizon"": 15, ""Past history"": 90, ""Scaler"": ""MinMaxScaler"", ""Data frequency"": ""1min"", ""Number days test"": 90}",1377.89540839,1.35453987,0.46424086,0.00314168,0.67268096,0.58744654,0.00314104
Oct19-Sep20-Oct20-Dic20_F1Last,LSTM_3,LSTM,3,"{""batch_size"": 512, ""dense_layers"": [], ""epochs"": 100, ""input_shape"": [529830, 90, 1], ""layers"": 1, ""output_size"": 15, ""return_sequence"": false, ""units"": 32}","{""Forecasting horizon"": 15, ""Past history"": 90, ""Scaler"": ""MinMaxScaler"", ""Data frequency"": ""1min"", ""Number days test"": 90}",1309.75051832,1.01799321,0.46572012,0.00317889,0.68041667,0.58669207,0.00317834
Oct19-Sep20-Oct20-Dic20_F1Last,LSTM_4,LSTM,4,"{""batch_size"": 512, ""dense_layers"": [], ""epochs"": 100, ""input_shape"": [529830, 90, 1], ""layers"": 1, ""output_size"": 15, ""return_sequence"": false, ""units"": 64}","{""Forecasting horizon"": 15, ""Past history"": 90, ""Scaler"": ""MinMaxScaler"", ""Data frequency"": ""1min"", ""Number days test"": 90}",1205.95273018,0.56351089,0.44637200,0.00312916,0.66996752,0.56796499,0.00312839
Oct19-Sep20-Oct20-Dic20_F1Last,LSTM_5,LSTM,5,"{""batch_size"": 512, ""dense_layers"": [], ""epochs"": 100, ""input_shape"": [529830, 90, 1], ""layers"": 1, ""output_size"": 15, ""return_sequence"": false, ""units"": 128}","{""Forecasting horizon"": 15, ""Past history"": 90, ""Scaler"": ""MinMaxScaler"", ""Data frequency"": ""1min"", ""Number days test"": 90}",1379.27532792,1.57587981,0.43889373,0.00308303,0.66030512,0.56157589,0.00308220
Oct19-Sep20-Oct20-Dic20_F1Last,LSTM_6,LSTM,6,"{""batch_size"": 512, ""dense_layers"": [], ""epochs"": 100, ""input_shape"": [529830, 90, 1], ""layers"": 2, ""output_size"": 15, ""return_sequence"": true, ""units"": 32}","{""Forecasting horizon"": 15, ""Past history"": 90, ""Scaler"": ""MinMaxScaler"", ""Data frequency"": ""1min"", ""Number days test"": 90}",2163.35603976,1.49026990,0.46367964,0.00313886,0.66872678,0.58622059,0.00313827
Oct19-Sep20-Oct20-Dic20_F1Last,LSTM_7,LSTM,7,"{""batch_size"": 512, ""dense_layers"": [], ""epochs"": 100, ""input_shape"": [529830, 90, 1], ""layers"": 2, ""output_size"": 15, ""return_sequence"": true, ""units"": 64}","{""Forecasting horizon"": 15, ""Past history"": 90, ""Scaler"": ""MinMaxScaler"", ""Data frequency"": ""1min"", ""Number days test"": 90}",2234.01923442,1.81302309,0.46472427,0.00315082,0.67241816,0.58734496,0.00315018
Oct19-Sep20-Oct20-Dic20_F1Last,LSTM_8,LSTM,8,"{""batch_size"": 512, ""dense_layers"": [], ""epochs"": 100, ""input_shape"": [529830, 90, 1], ""layers"": 2, ""output_size"": 15, ""return_sequence"": true, ""units"": 128}","{""Forecasting horizon"": 15, ""Past history"": 90, ""Scaler"": ""MinMaxScaler"", ""Data frequency"": ""1min"", ""Number days test"": 90}",2269.35514688,1.87939215,0.46485661,0.00314420,0.67032598,0.58727386,0.00314352
Oct19-Sep20-Oct20-Dic20_F1Last,LSTM_9,LSTM,9,"{""batch_size"": 512, ""dense_layers"": [], ""epochs"": 100, ""input_shape"": [529830, 90, 1], ""layers"": 2, ""output_size"": 15, ""return_sequence"": false, ""units"": 32}","{""Forecasting horizon"": 15, ""Past history"": 90, ""Scaler"": ""MinMaxScaler"", ""Data frequency"": ""1min"", ""Number days test"": 90}",2248.77307844,1.18252420,0.45290954,0.00316600,0.66856619,0.57211378,0.00316502
Oct19-Sep20-Oct20-Dic20_F1Last,LSTM_10,LSTM,10,"{""batch_size"": 512, ""dense_layers"": [], ""epochs"": 100, ""input_shape"": [529830, 90, 1], ""layers"": 2, ""output_size"": 15, ""return_sequence"": false, ""units"": 64}","{""Forecasting horizon"": 15, ""Past history"": 90, ""Scaler"": ""MinMaxScaler"", ""Data frequency"": ""1min"", ""Number days test"": 90}",1990.20577979,1.37171149,0.44103342,0.00311186,0.66787938,0.56351664,0.00311110
Oct19-Sep20-Oct20-Dic20_F1Last,LSTM_11,LSTM,11,"{""batch_size"": 512, ""dense_layers"": [], ""epochs"": 100, ""input_shape"": [529830, 90, 1], ""layers"": 2, ""output_size"": 15, ""return_sequence"": false, ""units"": 128}","{""Forecasting horizon"": 15, ""Past history"": 90, ""Scaler"": ""MinMaxScaler"", ""Data frequency"": ""1min"", ""Number days test"": 90}",2209.35442734,1.70508552,0.43695106,0.00305751,0.65982823,0.56265340,0.00305686
Oct19-Sep20-Oct20-Dic20_F1Last,LSTM_12,LSTM,12,"{""batch_size"": 512, ""dense_layers"": [], ""epochs"": 100, ""input_shape"": [529830, 90, 1], ""layers"": 3, ""output_size"": 15, ""return_sequence"": true, ""units"": 32}","{""Forecasting horizon"": 15, ""Past history"": 90, ""Scaler"": ""MinMaxScaler"", ""Data frequency"": ""1min"", ""Number days test"": 90}",2709.08148122,2.07988596,0.46424304,0.00313997,0.66928063,0.58632087,0.00313934
Oct19-Sep20-Oct20-Dic20_F1Last,LSTM_13,LSTM,13,"{""batch_size"": 512, ""dense_layers"": [], ""epochs"": 100, ""input_shape"": [529830, 90, 1], ""layers"": 3, ""output_size"": 15, ""return_sequence"": true, ""units"": 64}","{""Forecasting horizon"": 15, ""Past history"": 90, ""Scaler"": ""MinMaxScaler"", ""Data frequency"": ""1min"", ""Number days test"": 90}",2732.58946109,2.01680207,0.46396898,0.00314410,0.66901700,0.58629594,0.00314346
Oct19-Sep20-Oct20-Dic20_F1Last,LSTM_14,LSTM,14,"{""batch_size"": 512, ""dense_layers"": [], ""epochs"": 100, ""input_shape"": [529830, 90, 1], ""layers"": 3, ""output_size"": 15, ""return_sequence"": true, ""units"": 128}","{""Forecasting horizon"": 15, ""Past history"": 90, ""Scaler"": ""MinMaxScaler"", ""Data frequency"": ""1min"", ""Number days test"": 90}",2963.20755482,2.14940071,0.46354793,0.00314715,0.66844578,0.58510469,0.00314636
Oct19-Sep20-Oct20-Dic20_F1Last,LSTM_15,LSTM,15,"{""batch_size"": 512, ""dense_layers"": [], ""epochs"": 100, ""input_shape"": [529830, 90, 1], ""layers"": 3, ""output_size"": 15, ""return_sequence"": false, ""units"": 32}","{""Forecasting horizon"": 15, ""Past history"": 90, ""Scaler"": ""MinMaxScaler"", ""Data frequency"": ""1min"", ""Number days test"": 90}",2471.43680096,1.78926373,0.45568486,0.00315529,0.66633917,0.57722921,0.00315444
Oct19-Sep20-Oct20-Dic20_F1Last,LSTM_16,LSTM,16,"{""batch_size"": 512, ""dense_layers"": [], ""epochs"": 100, ""input_shape"": [529830, 90, 1], ""layers"": 3, ""output_size"": 15, ""return_sequence"": false, ""units"": 64}","{""Forecasting horizon"": 15, ""Past history"": 90, ""Scaler"": ""MinMaxScaler"", ""Data frequency"": ""1min"", ""Number days test"": 90}",2661.84884429,2.66362071,0.43918121,0.00307570,0.65462219,0.56274005,0.00307492
Oct19-Sep20-Oct20-Dic20_F1Last,LSTM_17,LSTM,17,"{""batch_size"": 512, ""dense_layers"": [], ""epochs"": 100, ""input_shape"": [529830, 90, 1], ""layers"": 3, ""output_size"": 15, ""return_sequence"": false, ""units"": 128}","{""Forecasting horizon"": 15, ""Past history"": 90, ""Scaler"": ""MinMaxScaler"", ""Data frequency"": ""1min"", ""Number days test"": 90}",2657.17604971,2.69074583,0.43657434,0.00305139,0.65577398,0.56218218,0.00305067
Oct19-Sep20-Oct20-Dic20_F1Last,LinearRegression_0,LinearRegression,0,"{""n_jobs"": -1}","{""Forecasting horizon"": 30, ""Past history"": 60, ""Scaler"": ""MinMaxScaler"", ""Data frequency"": ""1min"", ""Number days test"": 90}",1.52144814,0.05112362,0.72737100,0.00402441,1.26558839,0.86456469,0.00402498
Oct19-Sep20-Oct20-Dic20_F1Last,LSTM_0,LSTM,0,"{""batch_size"": 512, ""dense_layers"": [], ""epochs"": 100, ""input_shape"": [529860, 60, 1], ""layers"": 1, ""output_size"": 30, ""return_sequence"": true, ""units"": 32}","{""Forecasting horizon"": 30, ""Past history"": 60, ""Scaler"": ""MinMaxScaler"", ""Data frequency"": ""1min"", ""Number days test"": 90}",1000.89447308,0.63962102,0.71713616,0.00401823,1.30750975,0.87174156,0.00401870
Oct19-Sep20-Oct20-Dic20_F1Last,LSTM_1,LSTM,1,"{""batch_size"": 512, ""dense_layers"": [], ""epochs"": 100, ""input_shape"": [529860, 60, 1], ""layers"": 1, ""output_size"": 30, ""return_sequence"": true, ""units"": 64}","{""Forecasting horizon"": 30, ""Past history"": 60, ""Scaler"": ""MinMaxScaler"", ""Data frequency"": ""1min"", ""Number days test"": 90}",1160.50320411,0.89217091,0.71828528,0.00401952,1.30734721,0.87386318,0.00402010
Oct19-Sep20-Oct20-Dic20_F1Last,LSTM_2,LSTM,2,"{""batch_size"": 512, ""dense_layers"": [], ""epochs"": 100, ""input_shape"": [529860, 60, 1], ""layers"": 1, ""output_size"": 30, ""return_sequence"": true, ""units"": 128}","{""Forecasting horizon"": 30, ""Past history"": 60, ""Scaler"": ""MinMaxScaler"", ""Data frequency"": ""1min"", ""Number days test"": 90}",1232.36453724,0.78983521,0.71750570,0.00401812,1.30713358,0.87261108,0.00401859
Oct19-Sep20-Oct20-Dic20_F1Last,LSTM_3,LSTM,3,"{""batch_size"": 512, ""dense_layers"": [], ""epochs"": 100, ""input_shape"": [529860, 60, 1], ""layers"": 1, ""output_size"": 30, ""return_sequence"": false, ""units"": 32}","{""Forecasting horizon"": 30, ""Past history"": 60, ""Scaler"": ""MinMaxScaler"", ""Data frequency"": ""1min"", ""Number days test"": 90}",1009.83087897,0.56121969,0.71944698,0.00403036,1.29715635,0.86965219,0.00403063
Oct19-Sep20-Oct20-Dic20_F1Last,LSTM_4,LSTM,4,"{""batch_size"": 512, ""dense_layers"": [], ""epochs"": 100, ""input_shape"": [529860, 60, 1], ""layers"": 1, ""output_size"": 30, ""return_sequence"": false, ""units"": 64}","{""Forecasting horizon"": 30, ""Past history"": 60, ""Scaler"": ""MinMaxScaler"", ""Data frequency"": ""1min"", ""Number days test"": 90}",1030.00817132,0.53155327,0.71699300,0.00402024,1.30665738,0.87170193,0.00402059
Oct19-Sep20-Oct20-Dic20_F1Last,LSTM_5,LSTM,5,"{""batch_size"": 512, ""dense_layers"": [], ""epochs"": 100, ""input_shape"": [529860, 60, 1], ""layers"": 1, ""output_size"": 30, ""return_sequence"": false, ""units"": 128}","{""Forecasting horizon"": 30, ""Past history"": 60, ""Scaler"": ""MinMaxScaler"", ""Data frequency"": ""1min"", ""Number days test"": 90}",1264.38127613,0.63361740,0.70720519,0.00399849,1.30524320,0.86812246,0.00399906
Oct19-Sep20-Oct20-Dic20_F1Last,LSTM_6,LSTM,6,"{""batch_size"": 512, ""dense_layers"": [], ""epochs"": 100, ""input_shape"": [529860, 60, 1], ""layers"": 2, ""output_size"": 30, ""return_sequence"": true, ""units"": 32}","{""Forecasting horizon"": 30, ""Past history"": 60, ""Scaler"": ""MinMaxScaler"", ""Data frequency"": ""1min"", ""Number days test"": 90}",1894.98350716,1.15378737,0.71811461,0.00401896,1.30563249,0.87291477,0.00401956
Oct19-Sep20-Oct20-Dic20_F1Last,LSTM_7,LSTM,7,"{""batch_size"": 512, ""dense_layers"": [], ""epochs"": 100, ""input_shape"": [529860, 60, 1], ""layers"": 2, ""output_size"": 30, ""return_sequence"": true, ""units"": 64}","{""Forecasting horizon"": 30, ""Past history"": 60, ""Scaler"": ""MinMaxScaler"", ""Data frequency"": ""1min"", ""Number days test"": 90}",1996.38135719,1.42519855,0.71839243,0.00402119,1.30607993,0.87346953,0.00402178
Oct19-Sep20-Oct20-Dic20_F1Last,LSTM_8,LSTM,8,"{""batch_size"": 512, ""dense_layers"": [], ""epochs"": 100, ""input_shape"": [529860, 60, 1], ""layers"": 2, ""output_size"": 30, ""return_sequence"": true, ""units"": 128}","{""Forecasting horizon"": 30, ""Past history"": 60, ""Scaler"": ""MinMaxScaler"", ""Data frequency"": ""1min"", ""Number days test"": 90}",2159.94637823,1.62995839,0.71834668,0.00402182,1.30571297,0.87322748,0.00402234
Oct19-Sep20-Oct20-Dic20_F1Last,LSTM_9,LSTM,9,"{""batch_size"": 512, ""dense_layers"": [], ""epochs"": 100, ""input_shape"": [529860, 60, 1], ""layers"": 2, ""output_size"": 30, ""return_sequence"": false, ""units"": 32}","{""Forecasting horizon"": 30, ""Past history"": 60, ""Scaler"": ""MinMaxScaler"", ""Data frequency"": ""1min"", ""Number days test"": 90}",1801.48699164,1.37642503,0.71616833,0.00402394,1.30528419,0.87213207,0.00402403
Oct19-Sep20-Oct20-Dic20_F1Last,LSTM_10,LSTM,10,"{""batch_size"": 512, ""dense_layers"": [], ""epochs"": 100, ""input_shape"": [529860, 60, 1], ""layers"": 2, ""output_size"": 30, ""return_sequence"": false, ""units"": 64}","{""Forecasting horizon"": 30, ""Past history"": 60, ""Scaler"": ""MinMaxScaler"", ""Data frequency"": ""1min"", ""Number days test"": 90}",2114.56123757,1.69410515,0.70998066,0.00400254,1.29952818,0.86906779,0.00400271
Oct19-Sep20-Oct20-Dic20_F1Last,LSTM_11,LSTM,11,"{""batch_size"": 512, ""dense_layers"": [], ""epochs"": 100, ""input_shape"": [529860, 60, 1], ""layers"": 2, ""output_size"": 30, ""return_sequence"": false, ""units"": 128}","{""Forecasting horizon"": 30, ""Past history"": 60, ""Scaler"": ""MinMaxScaler"", ""Data frequency"": ""1min"", ""Number days test"": 90}",1982.62141180,1.52246237,0.69103777,0.00394153,1.28306412,0.85593229,0.00394176
Oct19-Sep20-Oct20-Dic20_F1Last,LSTM_12,LSTM,12,"{""batch_size"": 512, ""dense_layers"": [], ""epochs"": 100, ""input_shape"": [529860, 60, 1], ""layers"": 3, ""output_size"": 30, ""return_sequence"": true, ""units"": 32}","{""Forecasting horizon"": 30, ""Past history"": 60, ""Scaler"": ""MinMaxScaler"", ""Data frequency"": ""1min"", ""Number days test"": 90}",2555.01219654,1.19354892,0.71783262,0.00401836,1.30277239,0.87231723,0.00401889
Oct19-Sep20-Oct20-Dic20_F1Last,LSTM_13,LSTM,13,"{""batch_size"": 512, ""dense_layers"": [], ""epochs"": 100, ""input_shape"": [529860, 60, 1], ""layers"": 3, ""output_size"": 30, ""return_sequence"": true, ""units"": 64}","{""Forecasting horizon"": 30, ""Past history"": 60, ""Scaler"": ""MinMaxScaler"", ""Data frequency"": ""1min"", ""Number days test"": 90}",2579.23365569,1.48735023,0.71786639,0.00402183,1.30298507,0.87188220,0.00402224
Oct19-Sep20-Oct20-Dic20_F1Last,LSTM_14,LSTM,14,"{""batch_size"": 512, ""dense_layers"": [], ""epochs"": 100, ""input_shape"": [529860, 60, 1], ""layers"": 3, ""output_size"": 30, ""return_sequence"": true, ""units"": 128}","{""Forecasting horizon"": 30, ""Past history"": 60, ""Scaler"": ""MinMaxScaler"", ""Data frequency"": ""1min"", ""Number days test"": 90}",2588.16712761,1.90566421,0.71999197,0.00402250,1.29969615,0.87475526,0.00402300
Oct19-Sep20-Oct20-Dic20_F1Last,LSTM_15,LSTM,15,"{""batch_size"": 512, ""dense_layers"": [], ""epochs"": 100, ""input_shape"": [529860, 60, 1], ""layers"": 3, ""output_size"": 30, ""return_sequence"": false, ""units"": 32}","{""Forecasting horizon"": 30, ""Past history"": 60, ""Scaler"": ""MinMaxScaler"", ""Data frequency"": ""1min"", ""Number days test"": 90}",2431.95465946,1.61188984,0.71636616,0.00401337,1.29646551,0.87123379,0.00401365
Oct19-Sep20-Oct20-Dic20_F1Last,LSTM_16,LSTM,16,"{""batch_size"": 512, ""dense_layers"": [], ""epochs"": 100, ""input_shape"": [529860, 60, 1], ""layers"": 3, ""output_size"": 30, ""return_sequence"": false, ""units"": 64}","{""Forecasting horizon"": 30, ""Past history"": 60, ""Scaler"": ""MinMaxScaler"", ""Data frequency"": ""1min"", ""Number days test"": 90}",2502.33858871,2.08038521,0.69931694,0.00398147,1.29198914,0.86160974,0.00398170
Oct19-Sep20-Oct20-Dic20_F1Last,LSTM_17,LSTM,17,"{""batch_size"": 512, ""dense_layers"": [], ""epochs"": 100, ""input_shape"": [529860, 60, 1], ""layers"": 3, ""output_size"": 30, ""return_sequence"": false, ""units"": 128}","{""Forecasting horizon"": 30, ""Past history"": 60, ""Scaler"": ""MinMaxScaler"", ""Data frequency"": ""1min"", ""Number days test"": 90}",2519.46672225,1.92066765,0.69490980,0.00395807,1.28476139,0.85861394,0.00395863
Oct19-Sep20-Oct20-Dic20_F1Last,LinearRegression_0,LinearRegression,0,"{""n_jobs"": -1}","{""Forecasting horizon"": 30, ""Past history"": 120, ""Scaler"": ""MinMaxScaler"", ""Data frequency"": ""1min"", ""Number days test"": 90}",4.41490102,0.09825397,0.72412247,0.00400311,1.25288555,0.86087065,0.00400363
Oct19-Sep20-Oct20-Dic20_F1Last,LSTM_0,LSTM,0,"{""batch_size"": 512, ""dense_layers"": [], ""epochs"": 100, ""input_shape"": [529800, 120, 1], ""layers"": 1, ""output_size"": 30, ""return_sequence"": true, ""units"": 32}","{""Forecasting horizon"": 30, ""Past history"": 120, ""Scaler"": ""MinMaxScaler"", ""Data frequency"": ""1min"", ""Number days test"": 90}",1414.28859544,1.05102682,0.71289581,0.00399433,1.28890624,0.86662246,0.00399466
Oct19-Sep20-Oct20-Dic20_F1Last,LSTM_1,LSTM,1,"{""batch_size"": 512, ""dense_layers"": [], ""epochs"": 100, ""input_shape"": [529800, 120, 1], ""layers"": 1, ""output_size"": 30, ""return_sequence"": true, ""units"": 64}","{""Forecasting horizon"": 30, ""Past history"": 120, ""Scaler"": ""MinMaxScaler"", ""Data frequency"": ""1min"", ""Number days test"": 90}",1807.36899710,1.53205323,0.71428177,0.00399689,1.29000990,0.86823113,0.00399720
Oct19-Sep20-Oct20-Dic20_F1Last,LSTM_2,LSTM,2,"{""batch_size"": 512, ""dense_layers"": [], ""epochs"": 100, ""input_shape"": [529800, 120, 1], ""layers"": 1, ""output_size"": 30, ""return_sequence"": true, ""units"": 128}","{""Forecasting horizon"": 30, ""Past history"": 120, ""Scaler"": ""MinMaxScaler"", ""Data frequency"": ""1min"", ""Number days test"": 90}",2029.30719924,1.27072358,0.71563979,0.00400323,1.29474035,0.86985658,0.00400359
Oct19-Sep20-Oct20-Dic20_F1Last,LSTM_3,LSTM,3,"{""batch_size"": 512, ""dense_layers"": [], ""epochs"": 100, ""input_shape"": [529800, 120, 1], ""layers"": 1, ""output_size"": 30, ""return_sequence"": false, ""units"": 32}","{""Forecasting horizon"": 30, ""Past history"": 120, ""Scaler"": ""MinMaxScaler"", ""Data frequency"": ""1min"", ""Number days test"": 90}",1568.51456070,1.19106174,0.71095172,0.00397363,1.27305692,0.86372775,0.00397373
Oct19-Sep20-Oct20-Dic20_F1Last,LSTM_4,LSTM,4,"{""batch_size"": 512, ""dense_layers"": [], ""epochs"": 100, ""input_shape"": [529800, 120, 1], ""layers"": 1, ""output_size"": 30, ""return_sequence"": false, ""units"": 64}","{""Forecasting horizon"": 30, ""Past history"": 120, ""Scaler"": ""MinMaxScaler"", ""Data frequency"": ""1min"", ""Number days test"": 90}",1700.28070474,1.79193401,0.70024409,0.00395701,1.27449922,0.86012840,0.00395746
Oct19-Sep20-Oct20-Dic20_F1Last,LSTM_5,LSTM,5,"{""batch_size"": 512, ""dense_layers"": [], ""epochs"": 100, ""input_shape"": [529800, 120, 1], ""layers"": 1, ""output_size"": 30, ""return_sequence"": false, ""units"": 128}","{""Forecasting horizon"": 30, ""Past history"": 120, ""Scaler"": ""MinMaxScaler"", ""Data frequency"": ""1min"", ""Number days test"": 90}",1717.13304925,1.93493676,0.68727925,0.00392112,1.25734102,0.84941994,0.00392139
Oct19-Sep20-Oct20-Dic20_F1Last,LSTM_6,LSTM,6,"{""batch_size"": 512, ""dense_layers"": [], ""epochs"": 100, ""input_shape"": [529800, 120, 1], ""layers"": 2, ""output_size"": 30, ""return_sequence"": true, ""units"": 32}","{""Forecasting horizon"": 30, ""Past history"": 120, ""Scaler"": ""MinMaxScaler"", ""Data frequency"": ""1min"", ""Number days test"": 90}",2488.10162067,2.10491967,0.71020656,0.00397169,1.27101684,0.86309700,0.00397198
Oct19-Sep20-Oct20-Dic20_F1Last,LSTM_7,LSTM,7,"{""batch_size"": 512, ""dense_layers"": [], ""epochs"": 100, ""input_shape"": [529800, 120, 1], ""layers"": 2, ""output_size"": 30, ""return_sequence"": true, ""units"": 64}","{""Forecasting horizon"": 30, ""Past history"": 120, ""Scaler"": ""MinMaxScaler"", ""Data frequency"": ""1min"", ""Number days test"": 90}",2507.15890598,1.77312255,0.70065825,0.00393693,1.24664249,0.85549721,0.00393698
Oct19-Sep20-Oct20-Dic20_F1Last,LSTM_8,LSTM,8,"{""batch_size"": 512, ""dense_layers"": [], ""epochs"": 100, ""input_shape"": [529800, 120, 1], ""layers"": 2, ""output_size"": 30, ""return_sequence"": true, ""units"": 128}","{""Forecasting horizon"": 30, ""Past history"": 120, ""Scaler"": ""MinMaxScaler"", ""Data frequency"": ""1min"", ""Number days test"": 90}",2831.64546704,1.99684072,0.68833779,0.00390142,1.22911340,0.84674642,0.00390159
Oct19-Sep20-Oct20-Dic20_F1Last,LSTM_9,LSTM,9,"{""batch_size"": 512, ""dense_layers"": [], ""epochs"": 100, ""input_shape"": [529800, 120, 1], ""layers"": 2, ""output_size"": 30, ""return_sequence"": false, ""units"": 32}","{""Forecasting horizon"": 30, ""Past history"": 120, ""Scaler"": ""MinMaxScaler"", ""Data frequency"": ""1min"", ""Number days test"": 90}",2551.62927723,1.55037928,0.70639528,0.00396507,1.26438390,0.85931070,0.00396514
Oct19-Sep20-Oct20-Dic20_F1Last,LSTM_10,LSTM,10,"{""batch_size"": 512, ""dense_layers"": [], ""epochs"": 100, ""input_shape"": [529800, 120, 1], ""layers"": 2, ""output_size"": 30, ""return_sequence"": false, ""units"": 64}","{""Forecasting horizon"": 30, ""Past history"": 120, ""Scaler"": ""MinMaxScaler"", ""Data frequency"": ""1min"", ""Number days test"": 90}",2558.16049457,1.61542678,0.68613386,0.00391065,1.25234373,0.84776152,0.00391082
Oct19-Sep20-Oct20-Dic20_F1Last,LSTM_11,LSTM,11,"{""batch_size"": 512, ""dense_layers"": [], ""epochs"": 100, ""input_shape"": [529800, 120, 1], ""layers"": 2, ""output_size"": 30, ""return_sequence"": false, ""units"": 128}","{""Forecasting horizon"": 30, ""Past history"": 120, ""Scaler"": ""MinMaxScaler"", ""Data frequency"": ""1min"", ""Number days test"": 90}",2605.50095606,2.07812905,0.68709650,0.00391816,1.27144650,0.85191790,0.00391857
Oct19-Sep20-Oct20-Dic20_F1Last,LSTM_12,LSTM,12,"{""batch_size"": 512, ""dense_layers"": [], ""epochs"": 100, ""input_shape"": [529800, 120, 1], ""layers"": 3, ""output_size"": 30, ""return_sequence"": true, ""units"": 32}","{""Forecasting horizon"": 30, ""Past history"": 120, ""Scaler"": ""MinMaxScaler"", ""Data frequency"": ""1min"", ""Number days test"": 90}",3526.66905951,2.37573218,0.71003042,0.00396657,1.26413948,0.86180732,0.00396679
Oct19-Sep20-Oct20-Dic20_F1Last,LSTM_13,LSTM,13,"{""batch_size"": 512, ""dense_layers"": [], ""epochs"": 100, ""input_shape"": [529800, 120, 1], ""layers"": 3, ""output_size"": 30, ""return_sequence"": true, ""units"": 64}","{""Forecasting horizon"": 30, ""Past history"": 120, ""Scaler"": ""MinMaxScaler"", ""Data frequency"": ""1min"", ""Number days test"": 90}",3256.22317553,2.48364687,0.68842160,0.00389732,1.22897927,0.84567942,0.00389770
Oct19-Sep20-Oct20-Dic20_F1Last,LSTM_14,LSTM,14,"{""batch_size"": 512, ""dense_layers"": [], ""epochs"": 100, ""input_shape"": [529800, 120, 1], ""layers"": 3, ""output_size"": 30, ""return_sequence"": true, ""units"": 128}","{""Forecasting horizon"": 30, ""Past history"": 120, ""Scaler"": ""MinMaxScaler"", ""Data frequency"": ""1min"", ""Number days test"": 90}",3697.70615292,2.56180620,0.69888060,0.00394600,1.24786273,0.85300865,0.00394616
Oct19-Sep20-Oct20-Dic20_F1Last,LSTM_15,LSTM,15,"{""batch_size"": 512, ""dense_layers"": [], ""epochs"": 100, ""input_shape"": [529800, 120, 1], ""layers"": 3, ""output_size"": 30, ""return_sequence"": false, ""units"": 32}","{""Forecasting horizon"": 30, ""Past history"": 120, ""Scaler"": ""MinMaxScaler"", ""Data frequency"": ""1min"", ""Number days test"": 90}",3028.65454388,2.27951121,0.70414843,0.00395959,1.26044114,0.86111767,0.00395978
Oct19-Sep20-Oct20-Dic20_F1Last,LSTM_16,LSTM,16,"{""batch_size"": 512, ""dense_layers"": [], ""epochs"": 100, ""input_shape"": [529800, 120, 1], ""layers"": 3, ""output_size"": 30, ""return_sequence"": false, ""units"": 64}","{""Forecasting horizon"": 30, ""Past history"": 120, ""Scaler"": ""MinMaxScaler"", ""Data frequency"": ""1min"", ""Number days test"": 90}",3450.22296333,2.36336470,0.68527861,0.00390273,1.25307197,0.84849694,0.00390304
Oct19-Sep20-Oct20-Dic20_F1Last,LSTM_17,LSTM,17,"{""batch_size"": 512, ""dense_layers"": [], ""epochs"": 100, ""input_shape"": [529800, 120, 1], ""layers"": 3, ""output_size"": 30, ""return_sequence"": false, ""units"": 128}","{""Forecasting horizon"": 30, ""Past history"": 120, ""Scaler"": ""MinMaxScaler"", ""Data frequency"": ""1min"", ""Number days test"": 90}",3218.33647180,2.62855697,0.69338761,0.00395034,1.28893341,0.85918204,0.00395062
Oct19-Sep20-Oct20-Dic20_F1Last,LinearRegression_0,LinearRegression,0,"{""n_jobs"": -1}","{""Forecasting horizon"": 30, ""Past history"": 180, ""Scaler"": ""MinMaxScaler"", ""Data frequency"": ""1min"", ""Number days test"": 90}",5.69832945,0.13623071,0.72095027,0.00398838,1.24145415,0.85707886,0.00398882
Oct19-Sep20-Oct20-Dic20_F1Last,LSTM_0,LSTM,0,"{""batch_size"": 512, ""dense_layers"": [], ""epochs"": 100, ""input_shape"": [529740, 180, 1], ""layers"": 1, ""output_size"": 30, ""return_sequence"": true, ""units"": 32}","{""Forecasting horizon"": 30, ""Past history"": 180, ""Scaler"": ""MinMaxScaler"", ""Data frequency"": ""1min"", ""Number days test"": 90}",1656.44048190,1.66291785,0.70774355,0.00394197,1.25150244,0.85942649,0.00394202
Oct19-Sep20-Oct20-Dic20_F1Last,LSTM_1,LSTM,1,"{""batch_size"": 512, ""dense_layers"": [], ""epochs"": 100, ""input_shape"": [529740, 180, 1], ""layers"": 1, ""output_size"": 30, ""return_sequence"": true, ""units"": 64}","{""Forecasting horizon"": 30, ""Past history"": 180, ""Scaler"": ""MinMaxScaler"", ""Data frequency"": ""1min"", ""Number days test"": 90}",1935.72925615,1.89380479,0.70944269,0.00396315,1.26607636,0.86164177,0.00396335
Oct19-Sep20-Oct20-Dic20_F1Last,LSTM_2,LSTM,2,"{""batch_size"": 512, ""dense_layers"": [], ""epochs"": 100, ""input_shape"": [529740, 180, 1], ""layers"": 1, ""output_size"": 30, ""return_sequence"": true, ""units"": 128}","{""Forecasting horizon"": 30, ""Past history"": 180, ""Scaler"": ""MinMaxScaler"", ""Data frequency"": ""1min"", ""Number days test"": 90}",2255.89791870,1.80062699,0.70890518,0.00395662,1.25961822,0.86100492,0.00395673
Oct19-Sep20-Oct20-Dic20_F1Last,LSTM_3,LSTM,3,"{""batch_size"": 512, ""dense_layers"": [], ""epochs"": 100, ""input_shape"": [529740, 180, 1], ""layers"": 1, ""output_size"": 30, ""return_sequence"": false, ""units"": 32}","{""Forecasting horizon"": 30, ""Past history"": 180, ""Scaler"": ""MinMaxScaler"", ""Data frequency"": ""1min"", ""Number days test"": 90}",1468.45791292,1.48750830,0.70971426,0.00396403,1.26474718,0.86208370,0.00396419
Oct19-Sep20-Oct20-Dic20_F1Last,LSTM_4,LSTM,4,"{""batch_size"": 512, ""dense_layers"": [], ""epochs"": 100, ""input_shape"": [529740, 180, 1], ""layers"": 1, ""output_size"": 30, ""return_sequence"": false, ""units"": 64}","{""Forecasting horizon"": 30, ""Past history"": 180, ""Scaler"": ""MinMaxScaler"", ""Data frequency"": ""1min"", ""Number days test"": 90}",1412.18623400,1.50401473,0.68606275,0.00390165,1.24540665,0.84599916,0.00390202
Oct19-Sep20-Oct20-Dic20_F1Last,LSTM_5,LSTM,5,"{""batch_size"": 512, ""dense_layers"": [], ""epochs"": 100, ""input_shape"": [529740, 180, 1], ""layers"": 1, ""output_size"": 30, ""return_sequence"": false, ""units"": 128}","{""Forecasting horizon"": 30, ""Past history"": 180, ""Scaler"": ""MinMaxScaler"", ""Data frequency"": ""1min"", ""Number days test"": 90}",1578.13251853,1.61826706,0.68394219,0.00389141,1.25346913,0.84638124,0.00389158
Oct19-Sep20-Oct20-Dic20_F1Last,LSTM_6,LSTM,6,"{""batch_size"": 512, ""dense_layers"": [], ""epochs"": 100, ""input_shape"": [529740, 180, 1], ""layers"": 2, ""output_size"": 30, ""return_sequence"": true, ""units"": 32}","{""Forecasting horizon"": 30, ""Past history"": 180, ""Scaler"": ""MinMaxScaler"", ""Data frequency"": ""1min"", ""Number days test"": 90}",2549.65549612,2.04215217,0.70771175,0.00393900,1.24899782,0.86086984,0.00393927
Oct19-Sep20-Oct20-Dic20_F1Last,LSTM_7,LSTM,7,"{""batch_size"": 512, ""dense_layers"": [], ""epochs"": 100, ""input_shape"": [529740, 180, 1], ""layers"": 2, ""output_size"": 30, ""return_sequence"": true, ""units"": 64}","{""Forecasting horizon"": 30, ""Past history"": 180, ""Scaler"": ""MinMaxScaler"", ""Data frequency"": ""1min"", ""Number days test"": 90}",3125.51098871,2.41090441,0.69041319,0.00388070,1.21432735,0.84534474,0.00388086
Oct19-Sep20-Oct20-Dic20_F1Last,LSTM_8,LSTM,8,"{""batch_size"": 512, ""dense_layers"": [], ""epochs"": 100, ""input_shape"": [529740, 180, 1], ""layers"": 2, ""output_size"": 30, ""return_sequence"": true, ""units"": 128}","{""Forecasting horizon"": 30, ""Past history"": 180, ""Scaler"": ""MinMaxScaler"", ""Data frequency"": ""1min"", ""Number days test"": 90}",3021.46038461,2.94030738,0.68327335,0.00385999,1.20452669,0.83861475,0.00386000
Oct19-Sep20-Oct20-Dic20_F1Last,LSTM_9,LSTM,9,"{""batch_size"": 512, ""dense_layers"": [], ""epochs"": 100, ""input_shape"": [529740, 180, 1], ""layers"": 2, ""output_size"": 30, ""return_sequence"": false, ""units"": 32}","{""Forecasting horizon"": 30, ""Past history"": 180, ""Scaler"": ""MinMaxScaler"", ""Data frequency"": ""1min"", ""Number days test"": 90}",2667.96493077,2.12224340,0.69425682,0.00391546,1.24432247,0.85110296,0.00391563
Oct19-Sep20-Oct20-Dic20_F1Last,LSTM_10,LSTM,10,"{""batch_size"": 512, ""dense_layers"": [], ""epochs"": 100, ""input_shape"": [529740, 180, 1], ""layers"": 2, ""output_size"": 30, ""return_sequence"": false, ""units"": 64}","{""Forecasting horizon"": 30, ""Past history"": 180, ""Scaler"": ""MinMaxScaler"", ""Data frequency"": ""1min"", ""Number days test"": 90}",2696.05759740,2.29418349,0.68036599,0.00388129,1.23667383,0.84182219,0.00388140
Oct19-Sep20-Oct20-Dic20_F1Last,LSTM_11,LSTM,11,"{""batch_size"": 512, ""dense_layers"": [], ""epochs"": 100, ""input_shape"": [529740, 180, 1], ""layers"": 2, ""output_size"": 30, ""return_sequence"": false, ""units"": 128}","{""Forecasting horizon"": 30, ""Past history"": 180, ""Scaler"": ""MinMaxScaler"", ""Data frequency"": ""1min"", ""Number days test"": 90}",2849.38168931,2.38473654,0.68887353,0.00392279,1.28959669,0.85298737,0.00392294
Oct19-Sep20-Oct20-Dic20_F1Last,LSTM_12,LSTM,12,"{""batch_size"": 512, ""dense_layers"": [], ""epochs"": 100, ""input_shape"": [529740, 180, 1], ""layers"": 3, ""output_size"": 30, ""return_sequence"": true, ""units"": 32}","{""Forecasting horizon"": 30, ""Past history"": 180, ""Scaler"": ""MinMaxScaler"", ""Data frequency"": ""1min"", ""Number days test"": 90}",3849.00989985,2.67825675,0.70298902,0.00392758,1.24422847,0.85715300,0.00392777
Oct19-Sep20-Oct20-Dic20_F1Last,LSTM_13,LSTM,13,"{""batch_size"": 512, ""dense_layers"": [], ""epochs"": 100, ""input_shape"": [529740, 180, 1], ""layers"": 3, ""output_size"": 30, ""return_sequence"": true, ""units"": 64}","{""Forecasting horizon"": 30, ""Past history"": 180, ""Scaler"": ""MinMaxScaler"", ""Data frequency"": ""1min"", ""Number days test"": 90}",3520.74731612,3.23395085,0.68782419,0.00387328,1.20844079,0.84385171,0.00387331
Oct19-Sep20-Oct20-Dic20_F1Last,LSTM_14,LSTM,14,"{""batch_size"": 512, ""dense_layers"": [], ""epochs"": 100, ""input_shape"": [529740, 180, 1], ""layers"": 3, ""output_size"": 30, ""return_sequence"": true, ""units"": 128}","{""Forecasting horizon"": 30, ""Past history"": 180, ""Scaler"": ""MinMaxScaler"", ""Data frequency"": ""1min"", ""Number days test"": 90}",4111.98854208,3.58997297,0.68353039,0.00386050,1.20063701,0.83949040,0.00386037
Oct19-Sep20-Oct20-Dic20_F1Last,LSTM_15,LSTM,15,"{""batch_size"": 512, ""dense_layers"": [], ""epochs"": 100, ""input_shape"": [529740, 180, 1], ""layers"": 3, ""output_size"": 30, ""return_sequence"": false, ""units"": 32}","{""Forecasting horizon"": 30, ""Past history"": 180, ""Scaler"": ""MinMaxScaler"", ""Data frequency"": ""1min"", ""Number days test"": 90}",3354.82843685,2.99908614,0.68829002,0.00390529,1.23476358,0.84678357,0.00390530
Oct19-Sep20-Oct20-Dic20_F1Last,LSTM_16,LSTM,16,"{""batch_size"": 512, ""dense_layers"": [], ""epochs"": 100, ""input_shape"": [529740, 180, 1], ""layers"": 3, ""output_size"": 30, ""return_sequence"": false, ""units"": 64}","{""Forecasting horizon"": 30, ""Past history"": 180, ""Scaler"": ""MinMaxScaler"", ""Data frequency"": ""1min"", ""Number days test"": 90}",3323.38036323,3.24333549,0.68123056,0.00388150,1.23507316,0.84336407,0.00388152
Oct19-Sep20-Oct20-Dic20_F1Last,LSTM_17,LSTM,17,"{""batch_size"": 512, ""dense_layers"": [], ""epochs"": 100, ""input_shape"": [529740, 180, 1], ""layers"": 3, ""output_size"": 30, ""return_sequence"": false, ""units"": 128}","{""Forecasting horizon"": 30, ""Past history"": 180, ""Scaler"": ""MinMaxScaler"", ""Data frequency"": ""1min"", ""Number days test"": 90}",3674.07376075,3.26850629,0.70159702,0.00398676,1.31721804,0.86712787,0.00398693
